Rajiv Chilaka;22
Jan Suter;21
Raúl Campos;19
Marcus Raboy;16
Suhas Kadav;16
Jay Karas;15
Cathy Garcia-Molina;13
Jay Chapman;12
Martin Scorsese;12
Youssef Chahine;12
Steven Spielberg;11
Don Michael Paul;10
David Dhawan;9
Anurag Kashyap;9
Shannon Hartman;9
Yilmaz Erdogan;9
Robert Rodriguez;8
Ryan Polito;8
Lance Bangs;8
Quentin Tarantino;8
Johnnie To;8
Justin G. Dyck;8
Kunle Afolayan;8
Hakan Algül;8
Hanung Bramantyo;8
Fernando Ayllón;8
Umesh Mehra;8
Troy Miller;8
Hidenori Inoue;7
Dibakar Banerjee;7
Clint Eastwood;7
Prakash Satam;7
Priyadarshan;7
Ram Gopal Varma;7
Noah Baumbach;7
Omoni Oboli;7
Ozan Açiktan;7
Lasse Hallström;7
Leslie Small;7
Mae Czarina Cruz;7
McG;7
S.S. Rajamouli;7
Ron Howard;7
Toshiya Shinohara;7
Robert Luketic;6
Robert Vince;6
Rocky Soraya;6
Sameh Abdulaziz;6
Sooraj R. Barjatya;6
Matt Askem;6
Michael Simon;6
Milan Luthria;6
Manny Rodriguez;6
Rajkumar Santoshi;6
Riri Riza;6
David Fincher;6
Ashutosh Gowariker;6
Anees Bazmee;6
Imtiaz Ali;6
Kevin Smith;6
Karan Johar;6
Joey So;6
Jesse V. Johnson;6
Vlad Yudin;6
Wenn V. Deramas;6
William Lau;6
Wong Jing;6
Zoya Akhtar;6
Steve Ball;6
Steve Brill;6
Steven Soderbergh;6
Tilak Shetty;6
Jay Roach;5
Joe Berlinger;5
John G. Avildsen;5
John Paul Tremblay;5
Khaled Marei;5
Ken Burns;5
Kivanç Baruönü;5
Ishi Rudell;5
Indra Kumar;5
Angga Dwimas Sasongko;5
Antoinette Jadaone;5
Anurag Basu;5
Andy Tennant;5
Ava DuVernay;5
Abbas Alibhai Burmawalla;5
Abhishek Chaubey;5
Alex Woo;5
David Batty;5
Detlev Buck;5
Rajiv Mehra;5
Rathindran R Prasad;5
Prakash Jha;5
Poj Arnon;5
Paul Thomas Anderson;5
Oliver Stone;5
Niyi Akinmolayan;5
Nagesh Kukunoor;5
Mani Ratnam;5
Madhur Bhandarkar;5
Mahesh Manjrekar;5
Lynn Shelton;5
Lana Wachowski;5
Lilly Wachowski;5
Mike Smith;5
Mike Clattenburg;5
Mastan Alibhai Burmawalla;5
Martin Campbell;5
Masahiko Murata;5
Shigeaki Kubo;5
Spike Lee;5
Stanley Moore;5
Robb Wells;5
Rohit Shetty;5
Thierry Donard;5
Wilson Yip;5
Vince Marcello;5
Vishal Bhardwaj;5
Rohit Jugraj;4
Rob Minkoff;4
Rob Reiner;4
Roger Kumble;4
Sam Liu;4
Savage Steve Holland;4
Sean McNamara;4
Stan Lathan;4
Shaun Paul Piccinino;4
Shyam Benegal;4
Maroun Baghdadi;4
Mike Flanagan;4
Mike Gunther;4
Michael Tiddes;4
Michael McKay;4
Mike Newell;4
Moses Inwang;4
Lucas Margutti;4
Luis Ara;4
Lee Tamahori;4
Nishikant Kamat;4
Paul Dugdale;4
Peter Farrelly;4
Peter Segal;4
Philippe Aractingi;4
Qaushiq Mukherjee;4
Raja Gosnell;4
Rakeysh Omprakash Mehra;4
David Zucker;4
Dennis Dugan;4
David Ayer;4
Cristina Jacob;4
Dan Villegas;4
Clay Glen;4
Conrad Helten;4
Christopher Storer;4
Chia-Liang Liu;4
Chris Stokes;4
Brad Anderson;4
Brian Levant;4
Bruno Garotti;4
Andrew Lau Wai-keung;4
Ahmad El-Badri;4
Ahmed Nader Galal;4
Alastair Fothergill;4
B. V. Nandini Reddy;4
Banjong Pisanthanakun;4
Barry Avrich;4
Bo Burnham;4
Antoine Fuqua;4
Antonio Campos;4
Hernán Zin;4
Hiroyuki Seshita;4
Hrishikesh Mukherjee;4
Fernando González Molina;4
Fajar Bustomi;4
Farah Khan;4
Farhan Akhtar;4
Edward Cotterill;4
Ernie Barbarash;4
Frank Capra;4
Gregory Hoblit;4
Kundan Shah;4
Kayode Kasum;4
Karthik Subbaraj;4
Jun Lana;4
John Huston;4
Jeremy Saulnier;4
Vikramaditya Motwane;4
Werner Herzog;4
Wael Ehsan;4
Wael Ihsan;4
Yoshiyuki Tomino;4
Terry Gilliam;4
Steve Carr;4
Subhash Ghai;4
Sudhir Mishra;4
Jeff Baena;3
Jeff Nichols;3
Jerry Rothwell;3
John Lee Hancock;3
Joel Coen;3
Joe Camp;3
John Asher;3
John Schultz;3
Jon M. Chu;3
John Fortenberry;3
Jon Rosenbaum;3
Jonathan Demme;3
Karyn Kusama;3
Julien Leclercq;3
Kemi Adetiba;3
Ken Ghosh;3
Kenneth Gyang;3
Kazuchika Kise;3
Ketan Mehta;3
Kevin MacDonald;3
Kief Davidson;3
Kim Nguyen;3
Kobun Shizuno;3
Greg Rankin;3
Gonzalo López-Gallego;3
Greg MacGillivray;3
Gerardo Olivares;3
Gilles Paquet-Brenner;3
Frank Coraci;3
Frank Oz;3
G.J. Echternkamp;3
Gabriele Muccino;3
Gajendra Ahire;3
Garry Marshall;3
Gastón Duprat;3
Ethan Coen;3
Ezekiel Norton;3
Elaine McMillion Sheldon;3
Eric Darnell;3
Florent Bodin;3
Hasan Karacadag;3
Hardik Mehta;3
Guillermo del Toro;3
Ifa Isfansyah;3
Ismail Farouk;3
Israel Adrián Caetano;3
Ishaya Bako;3
Ivan Reitman;3
Jane Campion;3
Jared Hess;3
Jalil Lespert;3
James Wan;3
Andrzej Bartkowiak;3
Anirban Majumder;3
Ashwin Saravanan;3
Asit Mohapatra;3
Atom Egoyan;3
Blair Simmons;3
Bobby Farrelly;3
Barak Goodman;3
Barry Levinson;3
Barry Sonnenfeld;3
Bejoy Nambiar;3
BB Sasore;3
Bedran Güzel;3
Aziz Mirza;3
Ahmed Al-Badry;3
Adriano Rudiman;3
Adze Ugah;3
Akiva Schaffer;3
Abhishek Kapoor;3
Adrian Teh;3
Adam Shankman;3
Adam Carolla;3
Abhinay Deo;3
Adam McKay;3
Abhishek Sharma;3
Andrew Duncan;3
Amr Arafa;3
Amitoj Mann;3
Andibachtiar Yusuf;3
Alexis Morante;3
Alfonso Cuarón;3
Alex Díaz;3
Alex Lehmann;3
Brett Haley;3
Bobcat Goldthwait;3
Burak Aksak;3
Cem Yilmaz;3
Chandrakant Kulkarni;3
Chapman Way;3
Chris Weitz;3
Chris Buck;3
Chris Howe;3
Charles Stone III;3
Cheh Chang;3
Christopher Nolen;3
Chris Smith;3
Cosima Spender;3
Craig Brewer;3
Dante Lam;3
David Michôd;3
David Mackenzie;3
David R. Ellis;3
Diego Pignataro;3
Dustin McKenzie;3
Drake Doremus;3
Eli Roth;3
Rako Prijanto;3
Rajiv Menon;3
Rajkumar Hirani;3
Prakash Mehra;3
Rano Karno;3
Reginald Hudlin;3
Ricky Gervais;3
Rob Cohen;3
Richard Weston;3
Remo D'Souza;3
Renny Harlin;3
Ribhu Dasgupta;3
Ric Roman Waugh;3
Raj Kumar Gupta;3
Raj Kapoor;3
Pratim D. Gupta;3
Phillip Noyce;3
Pidi Baiq;3
Petra Costa;3
Peyton Reed;3
Peter Spirer;3
Peter Jackson;3
Nila Madhab Panda;3
Noriyuki Abe;3
Obi Emelonye;3
Nate Adams;3
Neal Brennan;3
Neeraj Pandey;3
Olivier Assayas;3
Olivia M. Lamasan;3
Note Chern-Yim;3
Ömer Faruk Sorak;3
Onir;3
Orlando von Einsiedel;3
Pablo Larraín;3
Pang Ho-cheung;3
Pankaj Batra;3
Paul Greengrass;3
Paul W.S. Anderson;3
Paul Weitz;3
Latif Faiziyev;3
Leena Yadav;3
Leigh Janiak;3
Lekh Tandon;3
Les Mayfield;3
Linda Mendoza;3
Louis C.K.;3
Maclain Way;3
Mahesh Bhatt;3
Manolo Caro;3
Mahmoud Karim;3
Marcos Bucay;3
Marc Forster;3
Mark A.Z. Dippé;3
Momoko Kamiya;3
Morgan Neville;3
Munjal Shroff;3
Mikhail Red;3
Mohamed Hamdy;3
Mohamed Samy;3
Michèle Ohayon;3
Maria Ripoll;3
Mark Raso;3
Mark Waters;3
Matías Gueilburt;3
Michael Bay;3
Michael Dowse;3
Shyamal Chaulia;3
Shirish Kunder;3
Shawn Levy;3
Seyi Babatope;3
Soudade Kaadan;3
Simon Wells;3
Simon Wincer;3
Sofia Coppola;3
Sermiyan Midyat;3
Seth Barrish;3
Scott Stewart;3
Scott Zabielski;3
Sebastián Schindel;3
Satish Rajwade;3
Roger Allers;3
Roger Donaldson;3
Robert Zemeckis;3
Robert O. Peters;3
Roland Emmerich;3
Ron Myrick;3
Ron Oliver;3
Sachin Yardi;3
Steve Sacks;3
Steven C. Miller;3
Sumitra Bhave;3
Sujoy Ghosh;3
Sunil Sukthankar;3
Sylvester Stallone;3
Tate Taylor;3
Theodore Boborol;3
Tiller Russell;3
Tim Burton;3
Timo Tjahjanto;3
TJ Sullivan;3
Todd Phillips;3
Toka McBaror;3
Tom Hooper;3
Yoshikazu Yasuhiko;3
Wolfgang Petersen;3
Vivieno Caldinelli;3
Yasmin Ahmad;3
Walter C. Miller;3
Walter Hill;3
Vikas Bahl;3
Tope Oshin;3
Toshiyuki Kubooka;3
Vicky Matthews;3
S.S. Wilson;2
Ryan Coogler;2
Rudy Soedjarwo;2
Ruel S. Bayani;2
Ross Boyask;2
Rusty Cundieff;2
Ronna Gradus;2
Ruben Fleischer;2
Ross Kauffman;2
Roman Polanski;2
Ringo Lam;2
Ron Davis;2
Rob Seidenglanz;2
Robert Altman;2
Rod Blackhurst;2
Robin Swicord;2
Robert Kenner;2
Rodrigo Van Der Put;2
Satyajit Bhatkal;2
Sarjun;2
Sarah Adina Smith;2
Sarah Gavron;2
Saratswadee Wongsomphet;2
Satish Kaushik;2
Scott Aukerman;2
Scott L. Montoya;2
Scott Moore;2
Scott Moran;2
Sean Penn;2
Sean Cisterna;2
Scott Hicks;2
Sergio Leone;2
Sekhar Kammula;2
Selçuk Aydemir;2
Senol Sönmez;2
Sam Mendes;2
Sam Taplin;2
Sam Wrench;2
Sam Raimi;2
Ryan Murphy;2
Sameer Vidwans;2
RZA;2
Sachin;2
Saket Chaudhary;2
Salvador Calvo;2
Sam Dunn;2
Sam Hobkinson;2
Sanjay Jadhav;2
Sangeeth Sivan;2
Sang-ho Yeon;2
Santosh Sivan;2
Sara Colangelo;2
Smeep Kang;2
Sion Sono;2
Simon Stone;2
Simon J. Smith;2
Soumendra Padhi;2
Sridhar Rangayan;2
Stanislaw Rózewicz;2
Stanley Kubrick;2
Sriram Raghavan;2
Stacie Passon;2
Stanley Nelson;2
Stanley Tong;2
Spike Jonze;2
Shakti Samanta;2
Shakun Batra;2
Shalini Kantayya;2
Shirley Frimpong-Manso;2
Shivam Nair;2
Shin Won-ho;2
Shinji Aramaki;2
Sherif Arafa;2
Shashank Khaitan;2
Shashanka Ghosh;2
Sidheswar Shukla;2
Shlok Sharma;2
Michael Drumm;2
Michael Cuesta;2
Michael Fimognari;2
Michael D. Black;2
Michael Damian;2
Meltem Bozoflu;2
Mez Tharatorn;2
Matthew Vaughn;2
Mar Targarona;2
Mark Osborne;2
Mark Palansky;2
Mark Steven Johnson;2
Mark Thornton;2
Mark Tonderai;2
Martin Gorst;2
Masaru Matsumoto;2
Mary Harron;2
Maryo J. De los Reyes;2
Masaaki Yuasa;2
Mateo Gil;2
Matt Kugelman;2
Michael Winterbottom;2
Mike Binder;2
Mike Birbiglia;2
Miguel Arteta;2
Miguel Cohan;2
Michael Goguen;2
Michael Patrick King;2
Michael J. Bassett;2
Michael Showalter;2
Mohamed Diab;2
Mitch Schauer;2
Mikhil Musale;2
Mohit Suri;2
Muharrem Gülmez;2
Mukul Anand;2
Mariano Cohn;2
Marcelo Galvão;2
Måns Mårlind;2
Makarand Mane;2
Mahsun Kirmizigül;2
Mana Yasuda;2
Manish Jha;2
Malcolm D. Lee;2
Malik Nejer;2
Lynn Novick;2
Madeleine Parry;2
Mag Hsu;2
M. Night Shyamalan;2
Kunal Kohli;2
Luis Alfaro;2
Luis Lopez;2
Luv Ranjan;2
Liz Garbus;2
Luis Estrada;2
Luis Valdez;2
Leslie Iwerks;2
Luc Vinciguerra;2
Lucky Kuswandi;2
Leo Riley;2
Lewis Milestone;2
Liam Lynch;2
Liam O'Donnell;2
Lars von Trier;2
Lee Hirsch;2
Laxman Utekar;2
Larry Latham;2
Laura Brownson;2
Paul Haggis;2
Patryk Vega;2
Paul Andrew Williams;2
Paul Solet;2
Paul Soriano;2
Park Hoon-jung;2
Pascal Amanfo;2
Parkpoom Wongpoom;2
Parambrata Chatterjee;2
Patricia Font;2
Patricia Rozema;2
Patrick Brice;2
Paco Plaza;2
Padmakumar Narasimhamurthy;2
Oriol Paulo;2
Oz Rodriguez;2
Oluseyi Asurf;2
Olivier Marchal;2
Olivier Megaton;2
Osgood Perkins;2
Oliver Twinch;2
Neil Jordan;2
Nawapol Thamrongrattanarit;2
Navaniat Singh;2
Nelson McCormick;2
Nia Dinata;2
Nicholas Kharkongor;2
Neill Blomkamp;2
Nick Broomfield;2
Naoko Yamada;2
Nagraj Manjule;2
Najwa Najjar;2
N. Linguswamy;2
Mysskin;2
Nadia Hallgren;2
Norman Jewison;2
Noam Murro;2
Morgan Spurlock;2
Nitesh Tiwari;2
Nikhil Advani;2
Nick Castle;2
Nicolás López;2
Nicolas Pesce;2
Peter Lepeniotis;2
Pete Travis;2
Peter Berg;2
Peter Chelsom;2
Peter Sullivan;2
Peter Orton;2
Paul Verhoeven;2
Peter Hutchings;2
Phil Weinstein;2
Pierre Morel;2
Philipp Stölzl;2
Punit Malhotra;2
R. Ellis Frazier;2
Rachel Grady;2
Raditya Dika;2
Richard Bailey;2
Rhys Thomas;2
Rian Johnson;2
Renzil D'Silva;2
Richard Rich;2
Richard LaGravenese;2
Rob Marshall;2
Rizal Mantovani;2
Ridley Scott;2
Rebecca Zlotowski;2
Reema Kagti;2
Rashida Jones;2
Rajat Kapoor;2
Ramsey Nouah;2
Randal Kleiser;2
Randall Lobb;2
Dimitri Logothetis;2
Dominic Sena;2
Duncan Jones;2
Don Bluth;2
Eduardo Chauvet;2
Dino Risi;2
Derek Cianfrance;2
Dharmesh Darshan;2
David Pablos;2
David Pastor;2
David Paul Meyer;2
Dennie Gordon;2
Dee Rees;2
Delhiprasad Deenadayalan;2
Demetri Martin;2
Davis Guggenheim;2
David Sington;2
David O. Russell;2
David Gordon Green;2
Darren Lynn Bousman;2
Dave Higby;2
David Dobkin;2
David E. Talbert;2
David Fairhead;2
Daniel Alfredson;2
Daniel Benmayor;2
Damián Romay;2
Dan Forrer;2
Dan Gilroy;2
Cristi Puiu;2
Dallas Jackson;2
Damien O’Connor;2
Daniel Calparsoro;2
Daniel Gray Longino;2
Daniel Kontur;2
Daniel Oriahi;2
Daniel Stamm;2
Daniel Lindsay;2
Daniel Mann;2
Danny Boyle;2
Courtney Hunt;2
Colin Trevorrow;2
Corey Yuen;2
Bunmi Ajakaiye;2
Chris Bould;2
Christopher Guest;2
Chris Bell;2
Chris Renaud;2
Chris Robinson;2
Chris Sivertson;2
Christopher Smith;2
Ciarán Foy;2
Claire Scanlon;2
Clark Johnson;2
Charlie Lightening;2
Charlie McDowell;2
Charles Uwagbai;2
Chito S. Roño;2
Chad Van De Keere;2
Chanda Bell;2
Cal Seville;2
Bong Joon Ho;2
Bonni Cohen;2
Brad Peyton;2
Brad Bird;2
Brett Ratner;2
Brian De Palma;2
Brian Klein;2
Brian Volk-Weiss;2
Brian Oakes;2
Brian Robbins;2
Bruce Beresford;2
Bryan Bertino;2
Byron Howard;2
Alex Merkin;2
Alex Timbers;2
Àlex Pastor;2
Alex Proyas;2
Alejandro Agresti;2
Ahishor Solomon;2
Álex de la Iglesia;2
Alex Zamm;2
Alexandre Aja;2
Alexandre Avancini;2
Alistair Legrand;2
Amy Poehler;2
Ali Taner Baltaci;2
Ali Ragab;2
Ali F. Mostafa;2
Alison Klayman;2
Amy Schumer;2
A.R. Murugadoss;2
A. L. Vijay;2
Aaron Moorhead;2
Aaron Sorkin;2
Abba T. Makama;2
Abhijit Panse;2
Aditya Kripalani;2
Aditya Sarpotdar;2
Ahmed Zain;2
Ahmed Zein;2
Aitor Arregi;2
Alejandro Doria;2
Alejandro Fernández Almendras;2
Alejandro Montiel;2
Alessandro Angulo;2
Alban Teurlai;2
Ajay Bhuyan;2
Atanu Ghosh;2
Baljit Singh Deo;2
Avadhoot Gupte;2
Ben Simms;2
Basu Chatterjee;2
Baran bo Odar;2
Barbra Streisand;2
Binayak Das;2
Bille Woodruff;2
Björn Stein;2
Bradley Parker;2
Ben Wallis;2
Ben Wheatley;2
Benjamin Turner;2
Benny Safdie;2
Bernie Denk;2
Bert Marcus;2
Bill Condon;2
Bill D'Elia;2
Billy Corben;2
Audu Paden;2
Ashok Nanda;2
Ashwiny Iyer Tiwari;2
Asif Kapadia;2
Anurin Nwunembom;2
Asghar Farhadi;2
Angelina Jolie;2
Antonio Serrano;2
Anu Menon;2
Apoorva Lakhia;2
Ari Sandel;2
Andrew Niccol;2
Anthony Minghella;2
Anthony Scott Burns;2
Anggy Umbara;2
Andrew Tan;2
Andy Fickman;2
Anthony D'Souza;2
Anthony Giordano;2
James Wong;2
James Yukich;2
James Ponsoldt;2
James McTeigue;2
James Toback;2
J.A. Bayona;2
J.C. Chandor;2
James Mangold;2
James Bobin;2
Jani Lachauer;2
Janusz Majewski;2
Jason Reitman;2
J.D. Dillard;2
Jack C. Newell;2
Jacob Joice;2
Jacob Kornbluth;2
Gregory Caruso;2
Isaac Ezban;2
Ibrahim Bin Mohamed;2
Iginio Straffi;2
Griffin Dunne;2
Gus Van Sant;2
Guy Ritchie;2
Hajime Kamegaki;2
Hadi El Bagoury;2
Haifaa Al-Mansour;2
Halitha Shameem;2
Harvey Lowry;2
Hazem Fouda;2
Hani Hamdi;2
Hannah Fidell;2
Harold Cronk;2
Hsu Chih-yen;2
Hsu Fu-chun;2
Herman Yau;2
Houda Benyamina;2
Howard Zieff;2
Hugues Nancy;2
Husam El-Gohari;2
Hussein Kamal;2
Ian Cheney;2
Ian Edelman;2
Ian MacNaughton;2
Hideaki Anno;2
Heber Cannon;2
Hiromasa Yonebayashi;2
Heidi Ewing;2
Florian Henckel von Donnersmarck;2
Floyd Russ;2
Francesco Imperato;2
Fisher Stevens;2
Eli Craig;2
Fernando Frías de la Parra;2
Fernando Meirelles;2
Felix Van Groeningen;2
Femi Oyeniran;2
Federico Lemos;2
Federico Veiroj;2
Faris Godus;2
Fabien Beziat;2
David M. Rosenthal;2
Eduardo Roy Jr.;2
Ekene Som Mekwunye;2
Eric Radomski;2
Edwin;2
Emmett Malloy;2
Esteban Vidal;2
Estela Renner;2
Everardo González;2
Errol Morris;2
Erwin van den Eshof;2
Esteban Crespo;2
Eric Idle;2
Erik Canuel;2
Gary Fleder;2
Gary Howsam;2
Gary Ross;2
Gareth Evans;2
Funke Akindele;2
Frank Rajah Arase;2
George C. Wolfe;2
George Clooney;2
Gillian Robespierre;2
Gianfranco Rosi;2
Gautham Vasudev Menon;2
George Ford;2
Girish Malik;2
Gore Verbinski;2
Kip Andersen;2
Kim Seong-hun;2
Khaled El Halafawy;2
Kim Joo-hyung;2
Kingsley Ogoro;2
Kim A. Snyder;2
Kunihiko Yuyama;2
Ksshitij Chaudhary;2
Kris Pearn;2
Kristian Mercado;2
Kyle Newacheck;2
Kyran Kelly;2
Kevin Munroe;2
Kenny Young;2
Keoni Waxman;2
Kevin Layne;2
Keishi Otomo;2
Kedar Shinde;2
Keegan Kuhn;2
Keith Scholey;2
Julián Hernández;2
Josh Safdie;2
Jonathan Mostow;2
Julia Reichert;2
Jose Manuel Colón;2
Joseph Sargent;2
Joyce Bernal;2
JP Habac;2
Kasia Uscinska;2
Justin Benson;2
Kabir Sadanand;2
Kareem Tabsch;2
Karen J. Lloyd;2
Jota Linares;2
Justin Kelly;2
Jung-ah Im;2
Justin Webster;2
Kagiso Lediga;2
Jonathan Hensleigh;2
Jonathan Levine;2
Jon Shenk;2
Joram Lürsen;2
Jon Lucas;2
John Wells;2
Jon Favreau;2
Jon Garaño;2
John Stockwell;2
Joel Gallen;2
Joe Dante;2
Joe DeMaio;2
Jerrold Tarog;2
Joe Roth;2
Johannes Roberts;2
John Dahl;2
John Dower;2
John Duigan;2
John Erick Dowdle;2
John Ford;2
John Hillcoat;2
Jerry Seinfeld;2
Jeff Orlowski;2
Jeremy Kenyon Lockyer Corbell;2
Jeethu Joseph;2
Jeff Tremaine;2
Jeff Wadlow;2
Jill Bauer;2
Jim Henson;2
Ivan Ayr;2
Jay Chandrasekhar;2
Jason Paul Laxamana;2
Javier Ruiz Caldera;2
Jayan Moodley;2
Jayson Thiessen;2
Jeffrey Walker;2
Jehane Noujaim;2
Umesh Shukla;2
Ulises Valencia;2
V Vignarajan;2
Trivikram Srinivas;2
Tyler Perry;2
Tyler Spindel;2
Tsutomu Mizushima;2
Tsuyoshi Nakakuki;2
Trey Edward Shults;2
Tosin Coker;2
Tosin Igho;2
Vikram Bhatt;2
Upi Avianto;2
Vasan Bala;2
Walter Taylaur;2
Warren P. Sonoda;2
Vinil Mathew;2
Wes Craven;2
Vipul Amrutlal Shah;2
Vir Das;2
Wayne Blair;2
Will Gluck;2
Yorgos Lanthimos;2
Yoshiyuki Momose;2
William Wyler;2
Weica Wang;2
Will Yapp;2
William Brent Bell;2
Zack Snyder;2
Ziad Doueiri;2
Zak Hilditch;2
Zoe Berriatúa;2
Thierry Demaizière;2
Todd Kauffman;2
Tom Ford;2
Tom McGrath;2
Tony Giglio;2
Tony Scott;2
Tom Shadyac;2
Tom Donahue;2
Toa Fraser;2
Timothy Woodward Jr.;2
Tim Story;2
Tim Johnson;2
Tim Maltby;2
Thomas Astruc;2
Tig Notaro;2
Tigmanshu Dhulia;2
Thomas Sieben;2
Thiru;2
Terry Jones;2
Tanuja Chandra;2
Tarek Al Eryan;2
Tarsem Singh;2
Tarun Mansukhani;2
Tensai Okamura;2
Ted Demme;2
Ted Emery;2
Sylvie Verheyde;2
Syrine Boulanouar;2
Sze Yu Lau;2
T.J. Martin;2
Susan Johnson;2
Swapnaneel Jayakar;2
Taika Waititi;2
Suparn Verma;2
Susannah Ward;2
Sudesh Manjrekar;2
Sumit Das;2
Sundar C.;2
Stephen Frears;2
Steven Bognar;2
Steven Brill;2
Steve Gukas;2
Steve Paley;2
Stephen Chiodo;2
Stephen Chow;2
Stephen Daldry;2
Stephen Herek;2
Jelle de Jonge;1
Jen McGowan;1
Jenée LaMarque;1
Jenna Laurenzo;1
Jenner Furst;1
Jennie Livingston;1
Jennifer Baichwal;1
Jennifer Beamish;1
Jennifer Brea;1
Jennifer Kaytin Robinson;1
Jennifer Lee;1
Jennifer Lynch;1
Jennifer M. Kroot;1
Jennifer Morrison;1
Jennifer Peedom;1
Jennifer Phang;1
Jennifer Siebel Newsom;1
Jennifer Westcott;1
Jennifer Yuh Nelson;1
Jenny Carchman;1
Jenny Gage;1
Jenny Popplewell;1
Jeo Baby;1
Jeon Go-woon;1
Jeremiah Jones;1
Jeremiah Zagar;1
Jérémie Degruson;1
Jérémie Levypon;1
Jérémy Clapin;1
Jeremy Coon;1
Jeremy David White;1
Jeremy Grant;1
Jazz Boon;1
Jean-Bernard Marlin;1
Jean-Claude Flamand-Barny;1
Jean-Claude La Marre;1
Jean-François Blais;1
Jean-François Richet;1
Jean-Loup Felicioli;1
Jean-Marc Vallée;1
Jeannie Gaffigan;1
Jeannot Szwarc;1
Jean-Patrick Benes;1
Jean-Pierre Dardenne;1
Jean-Pierre Devillers;1
Jean-Simon Chartier;1
Jedd Wider;1
Jayan Vannery;1
Jayaprakash Radhakrishnan;1
Jayaraj Rajasekharan Nair;1
Jayme Monjardim;1
Jay Lavender;1
Jay Lyons;1
Jay Oliva;1
Jay Baruchel;1
Jay Bulger;1
Jason Priestley;1
Jay Chou;1
Jay Grace;1
Jim Hosking;1
Jim Mickle;1
Jim Monaco;1
Jim Stenstrum;1
Jim Strouse;1
Jimmy Henderson;1
Jitender Pawar;1
Jitendra Tiwari;1
JJC Skillz;1
Jo Sung-hee;1
Joachim Fest;1
Joachim Rønning;1
Joan C. Gratz;1
Joana Mazzucchelli;1
Joann Sfar;1
Joanna Lombardi;1
Joaquín Mazón;1
Jocelyn Moorhouse;1
Jody Hill;1
Jody Lambert;1
Joe Alves;1
Jill Culton;1
Jim Fall;1
Jim Field Smith;1
Jim Gable;1
Jeremy Seifert;1
Jericca Cleland;1
Jay Russell;1
Jay Surridge;1
Jesse Vile;1
Jesse Warn;1
Jessica Yu;1
Jessie Nelson;1
Jesús Magaña Vázquez;1
Jesús Torres Torres;1
Jetarin Ratanaserikiat;1
Jevons Au;1
Jijo Pancode;1
Jeffrey C. Bell;1
Jeffrey Friedman;1
Jeffrey G. Hunt;1
Jeffrey Nachmanoff;1
Jeffrey Schwarz;1
Jeffrey W. Byrd;1
Jeeva;1
Jee-woon Kim;1
Jeferson De;1
Jeff Chan;1
Jeff Deverett;1
Jeff Garlin;1
Jeff Gill;1
Jeff Margolis;1
Jeff Newitt;1
Jeremy Kipp Walker;1
Jeremy Konner;1
Jeremy Rush;1
Jeff Rowe;1
Jeff Stilson;1
Jeff Tomsic;1
Jesse Adang;1
Jesse Allain-Marcus;1
Jesse Gustafson;1
Jesse Handsher;1
Jesse Johnson;1
Jesse Moss;1
Jesse Peretz;1
John Hoffman;1
John Hughes;1
John H. Lee;1
John Haptas;1
John Herzfeld;1
John Edginton;1
John A. Davis;1
Joel Crawford;1
John Luessenhop;1
John Lyde;1
John Maclean;1
John Madden;1
John Michael McDonagh;1
John Mikulak;1
John Milius;1
John Mitchell;1
John Murlowski;1
John Musker;1
John Papola;1
John Patrick Shanley;1
John Irvin;1
John Kahrs;1
John L. Spencer;1
John Lee;1
John Putch;1
John R. Leonetti;1
John Rice;1
John Ridley;1
John Sanford;1
John Scheinfeld;1
Joe Russo;1
Joe Swanberg;1
Joe Wright;1
Jerry G. Angelo;1
Jerry Kolber;1
Joe Boyd;1
Joe Dietsch;1
Joe Johnston;1
Joe Ksander;1
Joe Lynch;1
Joe Mantello;1
Joe Menendez;1
Joe Miale;1
Joe Murray;1
Joe Nussbaum;1
Joe Penna;1
Joe Piscatella;1
Joe Robert Cole;1
Joel Hopkins;1
Joel Oliansky;1
Joel Schumacher;1
Joey Curtis;1
Joey Kern;1
Johan Brisinger;1
Johan Vorster;1
Johane Matte;1
Johanna Demetrakas;1
John Banas;1
John Barnard;1
John Bridcut;1
John Butler;1
John Carchietta;1
John Crowley;1
John Curran;1
John Sturges;1
John Suits;1
John Trengove;1
John Upchurch;1
John Voorhees;1
John Smithson;1
John Stephenson;1
John Stevenson;1
John Stewart Muller;1
Johnny Breedt;1
Johnny Castuciano;1
Johnny Kevorkian;1
Johnny Martin;1
Johnny To;1
Johnson Esthappan;1
Jon Alpert;1
Jon Avnet;1
Jon Carey;1
Jon Greenhalgh;1
Jon Gunn;1
Jon Hurwitz;1
Jon Izen;1
Jon J. Whelan;1
Jon Freeman;1
John Whitesell;1
John Woo;1
Jon Rudberg;1
Jon Schnitzer;1
Jon Manning;1
Jon Olb;1
Jon Reiner;1
Jordan Brady;1
Jordan Ross;1
Jordana Spiro;1
Jordi Llompart;1
Jorge Blanco;1
Jorge Granier;1
Jorge Hernandez Aldana;1
Jorge M. Fontana;1
Jorge Michel Grau;1
Jørgen Lerdam;1
Joris Ivens;1
Jos Humphrey;1
José Eduardo Belmonte;1
Jose Gomez;1
Jose Javier Reyes;1
José Larraza;1
José Luis Gutiérrez;1
José Luis Ucha;1
Jon Spira;1
Jon Turteltaub;1
Jon Watts;1
Jon YonKondy;1
Jonás Trueba;1
Jonathan A. Rosenbaum;1
Jonathan Augustin;1
Jonathan Baker;1
Jonathan Clay;1
Jonathan Liebesman;1
Jonathan Lynn;1
Jonathan Milott;1
Jonathan Ignatius Green;1
Jonathan Glazer;1
Jonathan Helpert;1
Kaila York;1
Kaizad Gustad;1
Kalvadour Peterson;1
Kamal Sahani;1
Kang Cheng;1
Kanika Batra;1
Kanwal Sethi;1
Karan Anshuman;1
Karan Bali;1
K. Gopinathan;1
K. Rajagopal;1
K. Ramanlal;1
K. Subhash;1
K.C. Bokadia;1
K.S. Ravikumar;1
Kaashvie Nair;1
Kabir Bhatia;1
Kabir Khan;1
Jung-woo Park;1
Junichi Sato;1
Junior Carelli;1
Jun-seong Kim;1
Juraj Šajmovic;1
Just Philippot;1
Justin Baldoni;1
Justin Bare;1
Justin Krook;1
Justin Lee;1
Justin McConnell;1
Justin P. Lange;1
Justin Pemberton;1
Jovanka Vuckovic;1
Jung Ji-woo;1
Karen Maine;1
Karen Moncrieff;1
Karey Kirkpatrick;1
Karim Amer;1
Karim El Shenawy;1
Karim El Sobky;1
Karl Mueller;1
Karsten Kiilerich;1
Karthik Narain;1
Kader Aoun;1
Justin Chadwick;1
Justin Chon;1
Karan Lalit Butani;1
Karan Malhotra;1
Karan Shivajirao Chavan;1
Kaspar Astrup Schröder;1
Kasper Barfoed;1
Kasper Collin;1
Kasra Farahani;1
Katarina Launing;1
Kate Horne;1
Kate Melville;1
Kate Mulleavy;1
Katherine Brooks;1
Katherine Dieckmann;1
Katherine Fairfax Wright;1
Kathleen Hepburn;1
Kathryn Bigelow;1
Kathryn Fasegha;1
Katia Lund;1
Katleho Ramaphakela;1
Katy Chevigny;1
Kavi Raz;1
Juan Antin;1
Juan Antonio de la Riva;1
Juan Camilo Pinzon;1
Juan Carlos Medina;1
Juan Carlos Rulfo;1
Juan José Campanella;1
Juan Manuel Cotelo;1
Juan Pablo Buscarini;1
Juan Pablo Rebella;1
Juan Stadler;1
Juan Zapata;1
Juani Libonatti;1
Judah Friedlander;1
Jude Okwudiafor Johnson;1
Jude Weng;1
Julia Hart;1
Julia Knowles;1
Josh Alexander;1
Josh Aronson;1
Josh Greenbaum;1
Josh Izenberg;1
Josh Koury;1
Josh Lowell;1
Josh Mendoza;1
Jose Mari Goenaga;1
José Miguel Contreras;1
José Ortuño;1
Joseduardo Giordano;1
Josef Fares;1
Joseph Chou;1
Joseph Cross;1
Joseph Hsu;1
Joseph Mbah;1
Joseph Ruben;1
Julia von Heinz;1
Julia Willoughby Nason;1
Julián Gaviria;1
Jonathan Sobol;1
Jonathan Taylor;1
Jonathan Teplitzky;1
Jonathan van Tulleken;1
Jonathon Link;1
Jonnie Hughes;1
Josh Vietze;1
Josh Wakely;1
Josh Webber;1
Josh Z. Weinstein;1
Joshua Brown;1
Joshua Caldwell;1
Joshua Marston;1
Joshua Oppenheimer;1
Joshua Rofé;1
Joshua Tickell;1
Joshua Z. Weinstein;1
Joshua Zeman;1
Josiah Ng;1
Julian Jarrold;1
Julian Schnabel;1
Juliana Vicente;1
Julie Dash;1
Julie Taymor;1
Julien Abraham;1
Julien Christian Lutz;1
Julien Rambaldi;1
Julien Royal;1
Julien Seri;1
Julien War;1
Juliet May;1
Julio Fernández Talamantes;1
Julio Medem;1
Julio Quintana;1
Julius Avery;1
Julius Onah;1
Julius R. Nasso;1
July Hygreck;1
Jumpei Mizusaki;1
Jun Falkenstein;1
Kelly Duane de la Vega;1
Kelly Fremon Craig;1
Kelly Noonan;1
Kelly Reichardt;1
Ken Barbet;1
Kayoze Irani;1
Kazuaki Kiriya;1
Kenneth Müller;1
Kenny Leon;1
Kenny Ortega;1
Ken Hughes;1
Ken Kushner;1
Ken Kwapis;1
Ken Loach;1
Ken Marino;1
Keenen Ivory Wayans;1
Keerthi;1
Kees Van Oostrum;1
Keiichi Hara;1
Keiichi Sato;1
Keiko Yagi;1
Keith Fulton;1
Keith L. Smith;1
Keith Malloy;1
Kazumi Fukushima;1
Kazuya Murata;1
Kazuya Tsurumaki;1
Keanu Reeves;1
Kevin Lima;1
Kepa Sojo;1
Kery James;1
Kenzo Maihara;1
Ken Cunningham;1
Ketche;1
Kevan Peterson;1
Kevin Booth;1
Kevin Bray;1
Kevin Costner;1
Kevin Derek;1
Kevin Deters;1
Kevin Donovan;1
Kevin Ford;1
Kevin Hooks;1
Kevin Johnson;1
Kevin Ko;1
Kevin Kolsch;1
Kevin Pang;1
Kevin Peaty;1
Kevin Peeples;1
Kevin Phillips;1
Kevin Pollak;1
Kevin R. Adams;1
Kevin Reynolds;1
Kevin McManus;1
Kevin Wotton;1
Khaled Youssef;1
Khalid Kashogi;1
Khalid Mohamed;1
Khalid Rahman;1
Kheiron;1
Kyung Ho Lee;1
Kyzza Terrazas;1
L. Frazier;1
Ladislaus Kiraly;1
Lai Chun-yu;1
Laïla Marrakchi;1
Kyle Newman;1
Kyle Patrick Alvarez;1
Kyle Rankin;1
Kyle Rideout;1
Kyohei Ishiguro;1
Kyoko Miyake;1
Kuntz Agus;1
Kurt Voelker;1
Kurt Wimmer;1
Kushal Srivastava;1
KVR Mahendra;1
Kwabena Gyansah;1
Kyle Balda;1
Kristin Hanggi;1
Kristina Goolsby;1
Kristine Samuelson;1
Kristine Stolakis;1
Krysia Plonka;1
Krzysztof Zanussi;1
Krish;1
Krishna Agazzi;1
Krishna D.K.;1
Krishna Vamshi;1
Krishnendu Chattopadhyay;1
Kristian Levring;1
Kubhaer T. Jethwani;1
Kubilay Sarikaya;1
Kumaran;1
Kunal Deshmukh;1
Klaus Erik Okstad;1
Kim Dong-kyu;1
Kim Jee-woon;1
Kim Jong-kwan;1
Kieran Darcy-Smith;1
Kike Maíllo;1
Kiki Goshay;1
Kiko Cruz Claverol;1
Kiko Mistrorigo;1
Kinka Usher;1
Kim Sung-hoon;1
Kim Tae-hyung;1
Kimmy Gatewood;1
Kimo Stamboel;1
Kiran Narayanan;1
Kiran Rao;1
Kirati Nakintanon;1
Kirby Dick;1
Kireet Khurana;1
Kirk De Micco;1
Kirk DeMicco;1
Kirk Wise;1
Kirk Wolfinger;1
Kirsten Johnson;1
Kitaro Kosaka;1
Kittiphak Thonguam;1
Kitty Green;1
Koichi Mashimo;1
Koichi Sakamoto;1
Koji Morimoto;1
Koji Sawai;1
Kongkiat Khomsiri;1
Kongkiat Komesiri;1
Kookie V. Gulati;1
Kornél Mundruczó;1
Kranthi Madhav;1
Kranti Kanade;1
Kranti Redkar;1
Graham Phillips;1
Graham Townsley;1
Grand Corps Malade;1
Grant Heslov;1
Grant Korgan;1
Grant S. Johnson;1
Grant Singer;1
Grant Sputore;1
Greg Barker;1
Greg Berlanti;1
Greg Coolidge;1
Greg Kohs;1
Girish Mohite;1
Gitanjali Rao;1
Giulia Clark;1
Giulio Base;1
Glen Goei;1
Glen Keane;1
Glen Winter;1
Glendyn Ivin;1
Glenn Miller;1
Glenn Weiss;1
Go Koga;1
Golam Kibria Farooki;1
Gonzalo Bendala;1
Greg McLean;1
Greg Mottola;1
Greg Pritikin;1
Gordon Anderson;1
Gordon Chan;1
Gordon Parks;1
Greg Richardson;1
Greg Strause;1
Greg Tiernan;1
Greg Whiteley;1
Greg Young;1
Gregg Bishop;1
Gregory Jacobs;1
Gregory Nava;1
Gregory Plotkin;1
Greta Gerwig;1
George Gallo;1
George Jackson;1
George Mendeluk;1
George Miller;1
George Nolfi;1
George Ratliff;1
George Stevens;1
Georges Hachem;1
Gerard Barrett;1
Gerard McMurray;1
Gerardo Gatica;1
Gautier & Leduc;1
Gavin Fitzgerald;1
Gavin O'Connor;1
Gavin Yap;1
Gayane Petrosyan;1
Geetu Mohandas;1
Gene Quintano;1
Genevieve Nnaji;1
Genndy Tartakovsky;1
Geoff Anderson;1
Geoff Luck;1
Geoffrey Orthwein;1
Gideon Raff;1
Gil Baroni;1
Gil Kenan;1
Gilbert Chan;1
Gerhard Mostert;1
Gerry Blaksley;1
Gerry Hoban;1
Gervasio Iglesias;1
Geun-hyun Cho;1
Giancarlo Esposito;1
Gina Prince-Bythewood;1
Ginny Mohler;1
Girish Joshi;1
George Cukor;1
Gillian Armstrong;1
Frank W Chen;1
Frant Gwo;1
Franziska Meyer Price;1
Frasco Mortiz;1
Fred Cavayé;1
Fred Durst;1
Fred M. Wilcox;1
Fred Olen Ray;1
Fred Ouro Preto;1
Fred Wolf;1
Freddie Waters;1
Frédéric Tonolli;1
Frederick Cipoletti;1
Fredric Lean;1
Fredrick Munk;1
Fritz Böhm;1
Fritz Ofner;1
Fumihiko Sori;1
Fuwad Khan;1
Frank Paur;1
Frank E. Abney III;1
Frank Marshall;1
Frank O'Connor;1
Gabe Ibáñez;1
Gabe Klinger;1
Gabe Turner;1
Gabriel Clarke;1
Gabriel Cruz Rivas;1
Gabriel Grieco;1
Gabriel Sabloff;1
Gabriela Cowperthwaite;1
Gabriela García Rivas;1
Gabriela Tagliavini;1
Gareth Sacala;1
Garin Nugroho;1
Garrett Bradley;1
Garth Davis;1
Gary Andrews;1
Gary Binkow;1
Gary Cohen;1
Gary David Goldberg;1
Galley Molina;1
Ganesh Kadam;1
Gangadhar Salimath;1
Gaby Dellal;1
Gaëtan Brizzi;1
Gafoor Y. Elliyaas;1
Gagan Puri;1
Gail Willumsen;1
Gary Shore;1
Gary Sing;1
Gary Stretch;1
Gary Wang;1
Gary Wheeler;1
Gary Winick;1
Gary Young;1
Gaspar Antillo;1
Gary Mak;1
Gary Michael Schultz;1
Gary Goldman;1
Gaurav Bavdankar;1
Gaurav Narayanan;1
Gauravv K Chawla;1
Gauri Shinde;1
Erik Ewers;1
Erik Kling;1
Erik Matti;1
Erik Nelson;1
Erik White;1
Éric Judor;1
Eric Juhola;1
Eric Khoo;1
Eric Laneuville;1
Eric Meza;1
Eric Notarnicola;1
Esteban Sapir;1
Eshom Nelms;1
Espen Sandberg;1
Ertanto Robby Soediskam;1
Erol Özlevi;1
Everardo Gout;1
Evgeny Afineevsky;1
Eylem Kaftan;1
Ester Gould;1
Fab Five Freddie;1
Ethan Hawke;1
Eugenio Derbez;1
Eva Müller;1
Eva Orner;1
Eva Trobisch;1
Eva Vives;1
Evan Goldberg;1
Evan Katz;1
Evan Spiridellis;1
Enah Johnscott;1
Enrico Bisi;1
Enrique García Meza;1
Eondeok Han;1
Eric Abrams;1
Eric Aghimien;1
Eric Bress;1
Eric Bross;1
Eric D. Cabello Díaz;1
Eeshwar Nivas;1
Ehtesham Uddin;1
Einar Gabbassov;1
Ekachai Uekrongtham;1
Edward Drake;1
Edward Ellis;1
Edward James Olmos;1
Edward Zwick;1
Eric Schlosser;1
Eric Stoltz;1
Eric Summer;1
Éric Toledano;1
Éric Warin;1
Eric Zaragosa;1
Erich Sturm;1
Elaine Bogan;1
Eric Drath;1
Eric Goode;1
Eleonore Pourriat;1
Fabio Grassadonia;1
Fabio Ock;1
Fabrice Du Welz;1
Fabrizio Copano;1
Fahad Mustafa;1
Faisal al Amer;1
Falz;1
Faozan Rizal;1
Faraday Okoro;1
Farishad I. Latjuba;1
Farjad Nabi;1
Fazila Allana;1
Federico D'Alessandro;1
Farah Nabulsi;1
Farah X;1
Faraz Haider;1
Farhad Safinia;1
Felipe Cano;1
Felix Binder;1
Felix Chong;1
Felix Herngren;1
Felix Starck;1
Felix Thompson;1
Feng Xiaogang;1
Ferdinando Cito Filomarino;1
Fermín Muguruza;1
Fellipe Barbosa;1
Femi D. Ogunsanwo;1
Farhan Alam;1
Fernando Moro;1
Fernando Sariñana;1
Fernando Villena;1
Feroz;1
Ferzan Özpetek;1
Filip Renc;1
Filip Zylber;1
Filippo Gastaldi;1
Fernando Coimbra;1
Fernando Colomo;1
Flor Salcedo;1
Fernando Lebrija;1
Francesco Lettieri;1
Francine Parker;1
Francis Ford Coppola;1
Francis Lee;1
Francis Whately;1
Francisco D'Eufemia;1
Francisco Macri;1
Francisco Ruiz Velasco;1
Francisco Schultz;1
Franck Ekinci;1
Franck Nataf;1
Franck Phelizon;1
Franck Ribière;1
Frank Ariza;1
Fluvio Iannuci;1
Fouad Al Shatti;1
Fouad El-Mohandes;1
Francesco Amato;1
Francesco Carnesecchi;1
Francesco Carrozzini;1
Florian Schnell;1
Florian Schott;1
Floria Sigismondi;1
Florian Gallenberger;1
Heidi Saman;1
Heitor Dhalia;1
Helena Bergström;1
Helena Coan;1
Hemambar Jasti;1
Hemant Gaba;1
Henri Wong;1
Henrik Martin Dahlsbakken;1
Henrik Ruben Genz;1
Henry Hathaway;1
Henry Joost;1
Henry Sarwer-Foner;1
Henry Selick;1
Henry Thurlow;1
Hepi Mita;1
Hiroshi Aoyama;1
Hiroshi Katagiri;1
Hiroshi Yamazaki;1
Hirotsugu Kawasaki;1
Hidetaka Inazuka;1
Hikari;1
Hikaru Toda;1
Héctor Gálvez;1
Hèctor Hernández Vicens;1
Heidi Brandenburg;1
Hideaki Takizawa;1
Hideki Futamura;1
Ian Nelms;1
Ian Samuels;1
Ibai Abad;1
Ian Kirby;1
Ian MacAllister-McDonald;1
Ian Daniel;1
Huw Cordey;1
Iain Softley;1
Ian Barber;1
Hussein El Ansary;1
Hoyt Yeatman;1
Houssam El-Din Mustafa;1
Hernán Guerschuny;1
Hitoshi Namba;1
Holger Tappe;1
Honey Trehan;1
Hong Khaou;1
Hong Won-ki;1
Hong-seon Kim;1
Hua Shan;1
Huang Hsin-Yao;1
Huang Jianming;1
Huang Lei;1
Hubert Woroniecki;1
Hugh Stewart;1
Hugh WIlson;1
Hugo Stuven;1
Harpeet Singh;1
Harrison Smith;1
Harry Baweja;1
Harry Bradbeer;1
Harry Chaskin;1
Harry Elfont;1
Harshavardhan Kulkarni;1
Haruka Fujita;1
Harvey Glazer;1
Harvey Lilley;1
Hannes Stöhr;1
Hanno Olderdissen;1
Hanns-Bruno Kammertöns;1
Hans Petter Moland;1
Hany Motawie;1
Hao Wu;1
Haoling Li;1
Harald Zwart;1
He Xiaofeng;1
Heather Walsh;1
Hasan Aljaberi;1
Hari Nath;1
Hari Viswanath;1
Harjit Singh;1
Hark Tsui;1
Harmony Korine;1
Harold Becker;1
Hashim Nadeem Khan;1
Hasraf Dulull;1
Hassan AbdulSalam;1
Hassan Hegazy;1
Hatem Khraiche;1
Hayao Miyazaki;1
Hayato Date;1
Hayden Guppy;1
Hayden Schlossberg;1
Hallie Meyers-Shyer;1
Hallvard Bræin;1
Ham Tran;1
Hamad AlSarraf;1
Hamisha Daryani Ahuja;1
Han Han;1
Han Kwang Il;1
Han Qing;1
Han Yan;1
Handan Ipekçi;1
Hang-Jun Jang;1
Hani Al-Shaibani;1
Haile Gerima;1
Haissam Hussain;1
Hadrah Daeng Ratu;1
Hajime Sasaki;1
Hakan Yonat;1
Halder Gomes;1
Guy Vasilovich;1
Habib Faisal;1
Gustavo Ron;1
Guilherme Fontes;1
Guillaume Pierret;1
Guillaume Renard;1
Guillermo de Oliveira;1
Guillermo Garcia;1
Gulzar;1
Guntur Soeharjanto;1
Guo Jingming;1
Gupse Özay;1
Gurinder Chadha;1
Gurmmeet Singh;1
Gurudev Bhalla;1
Gurvinder Singh;1
Ignacio Jaunsolo;1
Ignacio López Escrivá;1
Igor Kovalyov;1
Ildiko Enyedi;1
Ilya Naishuller;1
Iman Brotoseno;1
Icíar Bollaín;1
Ifeanyi Ikpoenyi;1
Indrajit Nattoji;1
Indrasis Acharya;1
Inma Torrente;1
Ippsie Jones;1
Ira Sachs;1
Irek Dobrowolski;1
Irwin Winkler;1
Isa Campo;1
Isaac Florentine;1
Isaac Rentz;1
Isabel Coixet;1
Isabel Sandoval;1
Isabelle Nanty;1
Isaki Lacuesta;1
Isao Yukisada;1
Ishaan Trivedi;1
Iñaki Dorronsoro;1
Inas El-Degheidy;1
Ivan Andrew Payawal;1
Ísold Uggadóttir;1
Jacob LaMendola;1
Jacob Schwab;1
Jacqueline Monetta;1
Jacques Cluzaud;1
Jacques Perrin;1
Jacqui Morris;1
Jadesola Osiberu;1
Jagdeep Sidhu;1
Jaime Rayo;1
Jaivi Dhanda;1
Jake Paltrow;1
Jake Szymanski;1
Jaki Bradley;1
Jakob Lass;1
Jakob Schuh;1
Jakob Verbruggen;1
Jakub Piatek;1
Jack Starrett;1
Jack Zagha Kababie;1
Jackie van Beek;1
J.F. Musial;1
J.J. Abrams;1
J.M. Berrios;1
Jacek Koprowicz;1
Ivan Sen;1
Ivan Silvestrini;1
Ivona Juka;1
Iwao Takamoto;1
Izidore K. Musallam;1
Izu Ojukwu;1
J Blakeson;1
J. Davis;1
J. Lee Thompson;1
J. Michael Long;1
Jason Spingarn-Koff;1
Jason Stone;1
Jason Sussberg;1
Jason Winer;1
Jason Zada;1
Jastis Arimba;1
Jathin Sanker Raj;1
Jatla Siddartha;1
Jaume Balagueró;1
Jaume Collet-Serra;1
Javier Ambrossi;1
Javier Calvo;1
Javier Colinas;1
Javier Gómez Santander;1
Jarand Herdal;1
Jan-Peter Horns;1
Janet Tobias;1
Jang Jae-hyun;1
Jared Moshé;1
Jared Stern;1
Jarrad Paul;1
Jasbir Bijendra Bhati;1
Jasmine D'Souza;1
Jason Bourque;1
Jason Cohen;1
Jason Hehir;1
Jason Iskandar;1
Jason James;1
Jason Krawczyk;1
Jason Kwan;1
Jason Lai;1
Jason Moore;1
Jason Orley;1
James Brown;1
James D. Stern;1
James Dearden;1
James Duffy;1
James Foley;1
James Franco;1
James Gunn;1
James Haslam;1
James Hawes;1
James Ivory;1
James L. Brooks;1
James Lee;1
James Marsh;1
James Mather;1
J.C. Falcón;1
Jamal Hill;1
Jameel Buari;1
James Bamford;1
James Barr;1
James Tovell;1
James Moll;1
James Redford;1
James Reed;1
James Rogan;1
James Spinney;1
James Sweeney;1
Jami;1
Jamie Babbit;1
Jamie M. Dagg;1
Jan Belcl;1
Jan Holoubek;1
Jan Komasa;1
James Woodroffe;1
James Watkins;1
Anthony Lucero;1
Anthony Mandler;1
Andy Goddard;1
Andy Serkis;1
Andrew Wessels;1
Andrucha Waddington;1
Angshuman Ghosh;1
Aniedi Anwah;1
Anik Datta;1
Anil Sharma;1
Anil Thomas;1
Anil V. Kumar;1
Anindya Chatterjee;1
Anthony Veiller;1
Anthony Wonke;1
Antoine Bardou-Jacquet;1
Anthony Palmer;1
Anthony Pierce;1
Anthony Russo;1
Antonio Chavarrías;1
Antonio Díaz;1
Antonio Morabito;1
Antonio Piazza;1
Anton Corbijn;1
Antoni Krauze;1
Antonin Baudry;1
Andrew Renzi;1
Andrew Sandler;1
Andrew Slater;1
Andrew Stanton;1
Andrew Sullivan;1
Andy Caballero;1
Andy Capper;1
Andy Devonshire;1
Anél Stolp;1
Ang Lee;1
Ange Basterga;1
Ángel Gómez Hernández;1
Angel Kristi Williams;1
Ángeles Reiné;1
Angelika Sigl;1
Aniruddha Roy Chowdhury;1
Anissa Bonnefont;1
Anita Barbosa;1
Anita Udeep;1
Anjali Nayar;1
Anjum Shahzad;1
Ann Deborah Fishman;1
Anna Boden;1
Anna Elizabeth James;1
Anna Migotto;1
Anna Stone;1
Anna Wieczur-Bluszcz;1
Anne Fletcher;1
Anne Fontaine;1
Anneliese Vandenberg;1
Annie Clark;1
Anoop Sathyan;1
Anthony Abrams;1
Anthony Bell;1
Anthony Byrne;1
Anthony Caronna;1
Anthony Chan;1
Ariel Boles;1
Ariel Schulman;1
Ariel Vromen;1
Arjun Gourisaria;1
Arjun Jandyala;1
Armando Croda;1
Armando Iannucci;1
Arnab Chaudhuri;1
Arne Birkenstock;1
Arnon Manor;1
Arpan Sarkar;1
Artemis Joukowsky;1
Arthell Isom;1
Arthur Allan Seidelman;1
Arthur Muhammad;1
Arthur Penn;1
Arun Chidambaram;1
Arun Vaidyanathan;1
Aruna Raje;1
Arvind Swamy;1
Appie Boudellah;1
April Mullen;1
Apurva Dhar Badgaiyann;1
Aram van de Rest;1
Arati Kadav;1
Archie Borders;1
Archie Hekagery;1
Ari Folman;1
Ari Levinson;1
Anubhav Sinha;1
Anurag Singh;1
Anuranjan Premji;1
Ash Brannon;1
Ashim Ahluwalia;1
Ashish R. Mohan;1
Ashish R. Shukla;1
Ashley York;1
Anusha Rizvi;1
Anvita Dutt;1
Apirak Samudkitpaisan;1
Asim Abbasi;1
Asim Raza;1
Ashraf Fayeq;1
Ashu Trikha;1
Asri Bendacha;1
August Jakobsson;1
Augustine Frizzell;1
Augusto Matte;1
Aurora Guerrero;1
Austin Kolodney;1
Austin Peck;1
Austin Stark;1
Atsajun Sattakovit;1
Atsuko Ishizuka;1
Attila Till;1
Atul Kale;1
Atul Malhotra;1
Atul Sabharwal;1
Aubrey Powell;1
Billy Lyons;1
Billy Ray;1
Bin Bunluerit;1
Bill Guttentag;1
Bill Oliver;1
Bill Plympton;1
Bille August;1
Beth Sleven;1
Bette Gordon;1
Betty Thomas;1
Beyoncé Knowles-Carter;1
Bhagyaraj;1
Bharat Jain;1
Bharat Nalluri;1
Bhavik Thakore;1
Bhavin Wadia;1
Bhushan Patel;1
Bigflo & Oli;1
Bilal Lashari;1
Benoît Jacquot;1
Benoît Philippon;1
Benson Lee;1
Bent-Jorgen Perlmutt;1
Bernard Rose;1
Bernardo Arellano;1
Benjamin Weill;1
Benny Fine;1
Benny Fredman;1
Ben Young;1
Ben Younger;1
Benedict Andrews;1
Benjamin Arfmann;1
Benjamin Cohen;1
Benjamin Dickinson;1
Benjamin Ree;1
Benjamin Ross;1
Bradley Walsh;1
Brandon Camp;1
Brandon Dickerson;1
Brandon Jeffords;1
Brandon Jones;1
Brandon Kimber;1
Brandon Oldenburg;1
Brandon Somerhalder;1
Brant Sersen;1
Brendan Byrne;1
Brendan Malloy;1
Brendan Toller;1
Brendon Marotta;1
Brent Bonacorso;1
Brent Dawes;1
Brent Maddock;1
Brett Donowho;1
Blair Hayes;1
Billy Bob Thornton;1
Binu Ulahhannan;1
Biodun Stephen;1
Birkan Pusa;1
Biswajeet Bora;1
Biyi Bandele;1
Bobby Roth;1
Blake Harris;1
Blayne Weaver;1
Bo Welch;1
Bob Hercules;1
Bob Nelson;1
Bob Odenkirk;1
Bob Persichetti;1
Bob Rose;1
Barney Clay;1
Barry Gonzalez;1
Barry Jenkins;1
Barbara Bialowas;1
Barbara Kopple;1
Barbara Schroeder;1
Bart Freundlich;1
Bartosz M. Kowalski;1
Bas van Teylingen;1
Basava Shankar Eeday;1
Bashir El Deek;1
Bassam Kurdali;1
Bassam Tariq;1
Bauddhayan Mukherji;1
Baz Luhrmann;1
Bedabrata Pain;1
Ben Stassen;1
Ben Steele;1
Beeban Kidron;1
Ben A. Williams;1
Ben Bowie;1
Ben Brewer;1
Ben C. Lucas;1
Ben Falcone;1
Ben Foster;1
Ben Kasulke;1
Ben Nicholas;1
Ben Palmer;1
Ben Patterson;1
Ben Pluimer;1
Ben Ryder;1
Ben Shelton;1
Avgousta Zourelidi;1
Avi Federgreen;1
Avinash Arun;1
Avinash Das;1
Avinash Walzade;1
Awi Suryadi;1
Axelle Laffont;1
Ayaan Mukherji;1
Ayman Makram;1
Aytaç Agirlar;1
Ayumu Watanabe;1
Ayush Raina;1
Azazel Jacobs;1
Azfar Jafri;1
Aziz Ansari;1
Baltasar Kormákur;1
Balu Mahendra;1
Bao Nhan;1
B.N. Shajeer Sha;1
Babak Anvari;1
Bagus Bramanti;1
Bahij Hojeij;1
Atanu Mukherjee;1
Atharv Baluja;1
Athiyan Athirai;1
Atlee Kumar;1
B. Subhash;1
B. T Thomas;1
B. Unnikrishnan;1
Ajay Phansekar;1
Ajithkumar;1
Akashdeep;1
Akay Mason;1
Akhigbe Ilozobhie;1
Akhil Paul;1
Akihiko Yamashita;1
Akin Omotoso;1
Akira Saitoh;1
Akiva Goldsman;1
Albert Hughes;1
Albert Sharpe;1
Alberto Arnaut Estrada;1
Alberto Rodríguez;1
Alê Abreu;1
Alejandra Márquez Abella;1
Alessandro Pepe;1
Alessio Cremonini;1
Alethea Jones;1
Alex Brewer;1
Alex Burunova;1
Alex Coletti;1
Alejandro Ruax;1
Aleksey German;1
Aleksey Tsitsilin;1
Alessandra de Rossi;1
Alejandro G. Iñárritu;1
Alejandro Hartmann;1
Alejandro Lozano;1
Alejandro Martinez-Beltran;1
Ajay Bahl;1
Ahmed El Gendy;1
Ahmed Medhat;1
Ahmet Katiksiz;1
Ahn Byoung-wook;1
Ahsan Rahim;1
Aijaz Khan;1
Ainsley Gardiner;1
Ahmed Saleh;1
Ahmed Siddiqui;1
Ahmed Yousry;1
Afia Nathaniel;1
Afonso Poyart;1
Agasyah Karim;1
Agnidev Chatterjee;1
Agustí Villaronga;1
Ah Loong;1
Adrien Lagier;1
Advait Chandan;1
Ahmad Samir Farag;1
Akiyuki Shinbo;1
Akram Farouk;1
Akshay Akkineni;1
Akshay Sanjeev Chavan;1
Akshay Shankar;1
Al Campbell;1
Alaa Eddine Aljem;1
Alain Brunard;1
Alain Darborg;1
Alain Desrochers;1
Alain Gagnol;1
Alan Alda;1
Alan Hicks;1
Alan J. Pakula;1
Alan Mak;1
Alan Parker;1
Alan Poul;1
Alan Rickman;1
Alan Yang;1
Alana Waksman;1
Alankrita Shrivastava;1
Aditya Vikram Sengupta;1
Adrián García Bogliano;1
Adrian Murray;1
Adriana Trigiani;1
Abhishek Saxena;1
Adam Sjöberg;1
Adam Smith;1
Adam Wingard;1
Adam Wood;1
Adarsh Eshwarappa;1
Adekunle Nodash Adejuyigbe;1
Adele K. Thomas;1
Adirek Wattaleela;1
Adisorn Tresirikasem;1
Abhinav Shiv Tiwari;1
Adam Nee;1
Adam Nimoy;1
Adam Randall;1
Adam Salky;1
Adam Schlesinger;1
Adam Collins;1
Adam Darke;1
Adam Davis;1
Adam Del Giudice;1
Adam Deyoe;1
Adam Dubin;1
Adam Egypt Mortimer;1
Adam Larson Broder;1
Adam Leon;1
Adam MacDonald;1
Adam Marino;1
Aaron Woodley;1
Aaron Woolf;1
Aatmaram Dharne;1
Aaron Nee;1
A. Raajdheep;1
A. Salaam;1
Aadish Keluskar;1
Aamir Bashir;1
Aamir Khan;1
Aanand Rai;1
Aaron Burns;1
Aaron Hancox;1
Aaron Hann;1
Aaron Lieber;1
Abhishek Varman;1
Abir Sengupta;1
Abosi Ogba;1
Abu Bakr Shawky;1
Achille Brice;1
Aco Tenriyagelli;1
Adam Alleca;1
Adam B. Stein;1
Adam Bhala Lough;1
Adam Bolt;1
Abbas Mustan;1
Abbas Tyrewala;1
Abby Epstein;1
Abdellatif Kechiche;1
Abdul Aziz Hashad;1
Abdulaziz Alshlahei;1
Abdullah Al Noor;1
Abel Ferrara;1
Abhay Chopra;1
Abhijeet Deshpande;1
Abhijit Kokate;1
Amy Segal;1
Ana Kokkinos;1
Ana Lily Amirpour;1
Ana Quiroga;1
Anand Kamalakar;1
Anand Ravichandran;1
Anand Tiwari;1
Anand Tucker;1
Ananda Krishnan;1
Anant Balani;1
Ananth Narayan Mahadevan;1
Anas Khan;1
Anatole Litvak;1
Andaç Haznedaroglu;1
Anders Falck;1
Anders Sømme Hammer;1
Alison MacLean;1
Ali Kalthami;1
Ali Samadi Ahadi;1
Ali Scher;1
Ali Tabrizi;1
Ali Yorgancioglu;1
Alice Filippi;1
Alice Mathias;1
Alice Rohrwacher;1
Alice Waddington;1
Alice Wu;1
Alicky Sussman;1
Alik Sakharov;1
Alina Teodorescu;1
Alison E. Rose;1
Amy Rice;1
Amman Abbasi;1
Amol Palekar;1
Amr Salama;1
Amro Salah;1
Amshan Kumar;1
Andrew Fleming;1
Andrew Goth;1
Andrew J. Smith;1
Andrew Jenks;1
Andrew L. Schmidt;1
Andrew Loo;1
Andrew Meier;1
Andrew Mogel;1
Andrew Nackman;1
André D'Elia;1
André Odendaal;1
André Øvredal;1
Andrea Arnold;1
Andrea Molaioli;1
Andreas Johnsen;1
Andreas Pichler;1
Andreas Prochaska;1
Andrés Beltrán;1
Andres Clariond;1
Andrés Couturier;1
Andrés Feddersen;1
Andrew Bergman;1
Andrew Bujalski;1
Andrew C. Erin;1
Andrew Davis;1
Andrew Dean;1
Andrew Dominik;1
Andrew Douglas;1
Alka Amarkant Dubey;1
Allan Jacobsen;1
Allan Ungar;1
Allen Coulter;1
Allen Hughes;1
Ally Pankiw;1
Alma Har'el;1
Almudena Carracedo;1
Almunsif Alsuwaisi;1
Alo Sarkar;1
Alphonso J. Wesson;1
Álvaro Brechner;1
Álvaro Delgado-Aparicio L.;1
Álvaro Longoria;1
Amaan Khan;1
Amal Neerad;1
Amalie Næsby Fick;1
Amanda Micheli;1
Amanda Raymond;1
Amandha Wyanto;1
Amar Gupte;1
Amar Kaushik;1
Amara Cash;1
Amardeep Singh Gill;1
Amarjit Virdi;1
Amarpreet G S Chabbra;1
Amber Tamblyn;1
Amin Dora;1
Amir Galvan Cervera;1
Amir Mohiuddin;1
Amit Barot;1
Amit Rai;1
Amit Roy;1
Amit Saxena;1
Amitabha Singh;1
Amitava Bhattacharya;1
Alexandre Espigares;1
Alexandre Heboyan;1
Alexandre Reinecke;1
Alexandros Avranas;1
Alexis Almström;1
Alexander Smith;1
Alexandra Dean;1
Alfonso Rodríguez;1
Alfonso Serrano Maturino;1
Alfred Gimeno;1
Ali Bin Matar;1
Alexx Media;1
Alfons Adetuyi;1
Alfonso Arau;1
Alfonso Cortés-Cavanillas;1
Alejandro De Grazia;1
Alex Garland;1
Alex Gibney;1
Alex Holmes;1
Alex Infascelli;1
Alex Israel;1
Alex Law;1
Alex Ranarivelo;1
Alex Richanbach;1
Alex Smith;1
Alex Stapleton;1
Alex Winter;1
Alex Parkinson;1
Byun Hyuk;1
C. Fitz;1
C.J. Wallis;1
Çagan Irmak;1
Cai Cong;1
Caio Cobra;1
Cal Brunker;1
Cal Saville;1
Bryan Buckley;1
Bryan Fogel;1
Bryan Singer;1
Bryce Wagoner;1
Bryn Evans;1
Buchi Babu Sana;1
Buddhadev Dasgupta;1
Bumpy;1
Bruce Gowers;1
Bruce Leddy;1
Bruce MacDonald;1
Bruce McCulloch;1
Bruce McDonald;1
Bruce Robinson;1
Bruce Sinofsky;1
Bruce W. Smith;1
Bruno Ascenzo;1
Brian Skiba;1
Brian Smith;1
Brian Smrz;1
Brian O'Malley;1
Bruno Stagnaro;1
Brian Webber;1
Briar Grace-Smith;1
Brie Larson;1
Brit McAdams;1
Brittany Andrews;1
Brodje Wemboendja;1
Brody Chu;1
Bronwen Hughes;1
Brian Knappenberger;1
Brian Helgeland;1
Brian Henson;1
Brian M. Conley;1
Brian McGinn;1
Brian Niles;1
Brett Weiner;1
Brett Whitcomb;1
Brian A. Miller;1
Brian Andrew Mendoza;1
Brian Baugh;1
Brad Furman;1
Brett Harvey;1
Brett Hedlund;1
Brad Rothschild;1
Brad Silberling;1
Braden R. Duemmler;1
Borja Cobeaga;1
Bolanle Austen-Peters;1
Callie Khouri;1
Camilla Nielsson;1
Camille Delamarre;1
Camille Shooshani;1
Can Ulkay;1
Caradog W. James;1
Carey McKenzie;1
Carla Barros;1
Carles Torras;1
Carlo Padial;1
Carlos Algara;1
Carlos Bolado;1
Carlos Marques-Marcet;1
Carlos Moreno;1
Carlos Morett;1
Carlos Pérez Osorio;1
Carlos Sedes;1
Carlos Sorín;1
Carlos Therón;1
Carlos Vermut;1
Carly Stone;1
Carol Reed;1
Caroline Sá;1
Caroline Suh;1
Cary Joji Fukunaga;1
Cary Murnion;1
Caryn Waechter;1
Casey Suchan;1
Cassi Simonds;1
Cassia Dian;1
Castille Landon;1
Cate Shortland;1
Catherine Hardwicke;1
Chandan Arora;1
Chandra Liow;1
Chandra Prakash Dwivedi;1
Chandrakant Kanse;1
Chairun Nissa;1
Chaitanya Tamhane;1
Chakri Toleti;1
Charles A. Nichols;1
Charles Gozali;1
Charles Martin;1
Charles Martin Smith;1
Charles Officer;1
Chandran Narikode;1
Chang Chin-jung;1
Chang-Min Lee;1
Chanon Yingyong;1
Chan-sang Lim;1
César Rodrigues;1
Chad Archibald;1
Chad Hartigan;1
Chad L. Scheifele;1
Burhan Qurbani;1
Burr Steers;1
Buta Singh;1
Buz Wallick;1
Buzz Kulik;1
Byeon Hee-sun;1
Catrin Einhorn;1
Cavi Borges;1
Cecilia Atán;1
Cecilia Peck;1
Cecilia Verheyden;1
Cédric Jimenez;1
Cedric Nicolas-Troyan;1
Célia Catunda;1
Chiwetel Ejiofor;1
Cho Il;1
Cho Li;1
Choi Jin-seong;1
Chow Hin Yeung Roy;1
Chow Kwun-wai;1
Chris Appelhans;1
Chris Baugh;1
Charles Walters;1
Charlie Haskell;1
Charlie Kaufman;1
Chico Pereira;1
Chike;1
Chinaza Onuzo;1
Chineze Anyaene;1
Charlie Siskel;1
Charlie Vaughn;1
Charlotte Zwerin;1
Charneice Fox;1
Chatchai Katenut;1
Chayanop Boonprakob;1
Che Sandoval;1
Cheang Pou Soi;1
Cheewatan Pusitsuksa;1
Chen Hung-yi;1
Chen Kuan-chung;1
Chen Rong-hui;1
Cheng Wei-hao;1
Chester Tam;1
Cheta Chukwu;1
Chi Fat Chan;1
Chi Keung Fung;1
Chia Tang;1
Chiaki Kon;1
Chris Jenkins;1
Chris Kelly;1
Chris Koch;1
Chris McCoy;1
Chris Miller;1
Chris Moukarbel;1
Chris Nahon;1
Chris Nelson;1
Chris Perkel;1
Chris Burkard;1
Chris Butler;1
Chris Columbus;1
Chris Eigeman;1
Chris Eneng Enaji;1
Chris Foggin;1
Chris Gorak;1
Chris Williams;1
Christel Gibson;1
Christian Alvart;1
Christian Charles;1
Christian De Vita;1
Christian Desmares;1
Christian Ditter;1
Christian Duguay;1
Christian E. Christiansen;1
Christian Gudegast;1
Christian Herrendoerfer;1
Christian Schwochow;1
Christian Tureaud;1
Christian Zübert;1
Christina Clusiau;1
Christine Luby;1
Christophe Charrier;1
Christophe Honoré;1
Christopher Alender;1
Christopher Amos;1
Christopher Cain;1
Christopher Caldwell;1
Christopher Chambers;1
Claude Barras;1
Claude Lelouch;1
Claus Wehlisch;1
Clara Martínez-Lázaro;1
Clarence Yiu-leung Fok;1
Claire McCarthy;1
Christopher Ray;1
Christopher S. Rech;1
Chuang Shiang-an;1
Chuck Russell;1
Chun Wong;1
Chung Mong-hong;1
Chris Rock;1
Chris Roland;1
Chris Sanders;1
Chris Blake;1
Chris Bolan;1
Chris Bouchard;1
Christopher Loren Ewers;1
Christopher Louie;1
Christopher Martin;1
Christopher Miller;1
Christopher Murray;1
Christopher Nolan;1
Chris Sparling;1
Cory Edwards;1
Conor Allyn;1
Craig Anderson;1
Cosmo Feilding-Mellen;1
Cosmo Segurson;1
Craig Elrod;1
Craig Freimond;1
Craig Gillespie;1
Craig Goodwill;1
Craig Johnson;1
Craig Moss;1
Cris D'Amato;1
Conrad Vernon;1
Constance Marks;1
Coodie;1
Cooper Karl;1
Corbin Bernsen;1
Corey Grant;1
Clay Kaytis;1
Clay Porter;1
Clay Staub;1
Clay Tweel;1
Clementine Malpas;1
Clint Butler;1
Clive Tonge;1
Clovis Cornillac;1
Cody Cameron;1
Cody Stokes;1
Coerte Voorhees;1
Cole D. Pruitt;1
Colin Dench;1
Colin Minihan;1
Colin Strause;1
Colin Teague;1
Danny Cannon;1
Danny J. Boyle;1
Danny Leiner;1
Daniel Markowicz;1
Daniel McCabe;1
Daniel Minahan;1
Daniel Monzón;1
Daniel Noah;1
Daniel Vernon;1
Daniel Wilner;1
Daniel Yee Heng Chan;1
Daniela Goggi;1
Daniele Thompson;1
Danish Aslam;1
Danishka Esterhazy;1
Daniel Prochaska;1
Daniel Raim;1
Daniel Ružicka;1
Daniel Sánchez Arévalo;1
Daniel Sandu;1
Daniel Schechter;1
Daniel Scheinert;1
Daniel Lee;1
Daniel J. Clark;1
Daniel Joseph;1
Daniel Camenisch;1
Daniel DiMauro;1
Daniel Effiong;1
Daniel Espinosa;1
Daniel Goldhaber;1
Daniel Gordon;1
Damien Piscarel;1
Damon Cardasis;1
Damon Davis;1
Dan Forgione;1
Dallas Jenkins;1
Damani Baker;1
Cristina Costantini;1
Crystal Moselle;1
Cüneyt Kaya;1
Curro Velázquez;1
Curtis Graham;1
Curtis Hanson;1
Cyrus Nowrasteh;1
Cyrus Saidi;1
D Ho;1
D.B. Weiss;1
Daan Jansen;1
Dado C. Lumibao;1
Daisuke Nishio;1
Daito Manabe;1
Dan Harris;1
Dan Krauss;1
Dan Kuenster;1
Dan Kwan;1
Dan Lucchesi;1
Dan Fraga;1
Damien Chazelle;1
Damien Leone;1
Daniel Burman;1
Daniel Arasanz;1
Dana Doron;1
Dana Nachman;1
Dani de la Orden;1
Dani de la Torre;1
Dani Levy;1
Daniel Ablin;1
David Feiss;1
David Felix Sutcliffe;1
David France;1
David Frankel;1
David Galán Galindo;1
David Gelb;1
Dave Needham;1
Dave Patten;1
Dave Skinner;1
David A. Vargas;1
David Allensworth;1
David Alvarado;1
David Batra;1
David Dietz;1
Daryl Hannah;1
Dash Shaw;1
Datta Mohan Bhandare;1
Dava Whisenant;1
Dave Dorsey;1
Dave Green;1
Dar Gai;1
Dare Olaitan;1
Darin Scott;1
Darragh O'Connell;1
Darren Grant;1
David Beier;1
David Benioff;1
David Benullo;1
David Blair;1
David Briggs;1
David Bruckner;1
David Cantolla;1
David Charhon;1
David Chirchirillo;1
David Chuang;1
David Cronenberg;1
David de Vos;1
David Grossman;1
David Guy Levy;1
David Hackl;1
David Hebditch;1
David Hunt;1
David Johndrow;1
David Koepp;1
David L. Cunningham;1
David L.G. Hughes;1
David LaChapelle;1
David Lam;1
David Lean;1
David Lee Miller;1
David Leveaux;1
David Lowery;1
David Lynch;1
David Oelhoffen;1
David Oyelowo;1
David Marmor;1
David McCracken;1
David Mirkin;1
David Moreton;1
David Morris;1
David Mrnka;1
David Raynr;1
David Salzberg;1
David Sampliner;1
David Schalko;1
David Serrano;1
David Shisgall;1
David Silberg;1
David Slade;1
David Soren;1
David Stubbs;1
David 'Tosh' Gitonga;1
David Tryhorn;1
David Wain;1
David Wnendt;1
David Yarovesky;1
David Zeiger;1
Dawn Porter;1
Dean Craig;1
Dean DeBlois;1
Dean Parisot;1
Dean Wellins;1
Dean Wright;1
Deane Taylor;1
Debaloy Dey;1
Debamitra Biswal;1
Debbie Allen;1
Deborah Kaplan;1
Debra Granik;1
Denis Do;1
Denis Hennelly;1
Denis Villeneuve;1
Deniz Gamze Ergüven;1
Deep Joshi;1
Deepa Mehta;1
Deepika Narayan Bhardwaj;1
Deepti Kakkar;1
Deepti Naval;1
Dejan Zecevic;1
Dennis Bartok;1
Dennis Iliadis;1
Dennis Rovira van Boekholt;1
Dennis Scholl;1
Dennis Widmyer;1
Denny Lu;1
Dheeraj Berry;1
Dhilip Kumar;1
Dhruv Dhawan;1
Dian Sastrowardoyo;1
Dianne Dreyer;1
Diego Cohen;1
Diego Corsini;1
Diego Enrique Osorno;1
Diego Kaplan;1
Diego Lerman;1
Diego Luna;1
Derek Hui;1
Derek Peck;1
Derek Yee;1
Derick Cabrido;1
Desingh Periyasamy;1
Destin Daniel Cretton;1
Devaki Singh;1
Devashish Makhija;1
Devika Bhagat;1
Devin Chanda;1
Dhanush;1
Dharmendra Suresh Desai;1
Dirk Laabs;1
Dito Montiel;1
DJ Chen;1
Doesjka van Hoogdalem;1
Dolapo Adeleke;1
Domenico de Feudis;1
Digo Ricio;1
Dileep Narayanan;1
Dilip Mehta;1
Don Omope;1
Donald Petrie;1
Donick Cary;1
Donovan Marsh;1
Dorian Fernández-Moris;1
Doron Paz;1
Doug Hamilton;1
Doug Lefler;1
Doug McHenry;1
Douglas Attal;1
Douglas McGrath;1
Eduardo Mendoza de Echave;1
Eduardo Pinto;1
Don Hardy Jr.;1
Don Mancini;1
Duncan McMath;1
Duncan Skiles;1
Dustin Hoffman;1
Don Argott;1
Ding Sheng;1
Ding-Lin Wang;1
Drea Cooper;1
Drew Casson;1
Drew Heriot;1
Drew Stone;1
Drue Metz;1
Dustin Nguyen;1
Dylan Bank;1
Dylan C. Brown;1
Dylan Haegens;1
Dylan Howitt;1
Dylan Mohan Gray;1
Dylan Southern;1
Ed Lilly;1
Ed Perkins;1
Eddie Martin;1
Eddie Mensore;1
Eddie Rosas;1
Edgar Wright;1
Edoardo Ponti;1
Eduardo Casanova;1
Eliane Brum;1
Elías León;1
Elisa Fuksas;1
Elisabeth Vogler;1
Elissa Down;1
Elite Zexer;1
Elizabeth Banks;1
Elizabeth Chai Vasarhelyi;1
Elizabeth Wood;1
Elle Callahan;1
Elle-Máijá Tailfeathers;1
Ellen Brown;1
Ellen Page;1
Ellen Seidler;1
Ellen Weissbrod;1
Ellena Wood;1
Elliot Hegarty;1
Elliot Silverstein;1
Elsa Flores Almaraz;1
Elsa Nakamichi;1
Elvira Lind;1
Emanuel Hoss-Desmarais;1
Emcy Joseph;1
Emil Ben-Shimon;1
Emilio Martínez Lázaro;1
Emily Hagins;1
Emir Kusturica;1
Emma Hatherley;1
Emma Tammi;1
Emmanuel Amara;1
Emmanuel Mouret;1
Ranjit Jeyakodi;1
Ranjit Tiwari;1
Ramzy Bedia;1
Rana Eid;1
Rana Ranbir;1
Randa Chahal Sabbag;1
Raman Kumar;1
Ramesh Sippy;1
Ramesh Talwar;1
Ramez Silyan;1
Rami Hachache;1
Ramin Bahrani;1
Ramiro Martínez;1
Ramón Salazar;1
Ramon Térmens;1
Rajeev Chaudhari;1
Rajeev Patil;1
Rajesh Ganguly;1
Rajesh Mapuskar;1
Rajesh Touchriver;1
Rakshith Thirthahalli;1
Ralph Macchio;1
Ram;1
Rajshree Ojha;1
Rajveer Singh Maan;1
Rakesh Mehta;1
Rakesh Ranjan Kumar;1
Raúl Arévalo;1
Raoul Peck;1
Raphael Erichsen;1
Rarecho;1
Regina Welker;1
Reem Kherici;1
Reijer Zwaan;1
Reiner Holzemer;1
Reinhard Klooss;1
Remi Weekes;1
Raúl Campos Delgado;1
Ravi Babu;1
Ravi Jadhav;1
Ravi Udyawar;1
Ravikanth Perepu;1
Ravishankar Venkateswaran;1
Ray Jiang;1
Rayka Zehtabchi;1
Raymie Muzquiz;1
Raymond McGrath;1
Raymond Wood;1
Raz Degan;1
Rebecca Addelman;1
Rebecca Chaiklin;1
Rebecca Harrell Tickell;1
Rebecca Harrison;1
Rebecca Johnson;1
Rik Reinholdtsen;1
Rikhil Bahadur;1
Riki Lindhome;1
Rima Das;1
Rindala Kodeih;1
Rita Coburn Whack;1
Ritesh Batra;1
Ritu Sarin;1
Rizki Balki;1
Rob Burnett;1
Ricky Staub;1
Rob McKittrick;1
Rob Meyer;1
Rob Epstein;1
Rob LaDuca;1
Richard Laxton;1
Richard Linklater;1
Richard Loncraine;1
Richard Maurice;1
Richard Mears;1
Richard Michaels;1
Richard Miron;1
Richard Phelan;1
Richard Sears;1
Richard Shepard;1
Richard van't Riet;1
Richie Smyth;1
Rick Benattar;1
Rick Morales;1
Rethabile Ramaphakela;1
Reuben Atlas;1
Rhiannon Bannenberg;1
Renuka Shahane;1
Rémy Four;1
Remy Kohli;1
Renata Terra;1
Renato De Maria;1
Rene Bueno;1
Rene Liu;1
René Pérez Joglar;1
Richard Bates Jr.;1
Richard Brooks;1
Richard Claus;1
Richard Correll;1
Richard Curtis;1
Richard da Costa;1
Richard Donner;1
Richard E. Norman;1
Richard Finn;1
Richard Gabai;1
Richard Greenberg;1
Richard J Montoya;1
Richard Kelly;1
Richard Ladkani;1
Ricardo de Montreuil;1
Ricardo Maldonado;1
Ricardo Trogi;1
Riccardo Milani;1
Riccardo Pilizzeri;1
Rich Moore;1
Rich Ragsdale;1
Rich Schlansker;1
Richard Arellano;1
Richard Attenborough;1
Rae Red;1
Rahat Kazmi;1
Rahat Rahman;1
Rahul Dholakia;1
Rahul Ravindran;1
Rahul Rawail;1
Rai Yuvraj Bains;1
Raj Amit Kumar;1
Raj B. Shetty;1
Raj Babu;1
Raj Kanwar;1
Rachel Griffiths;1
Rachel Lears;1
Rachel Mason;1
Rachel Talalay;1
Rachit Kusonkoonsiri;1
Radha Blank;1
Radhika Rao;1
Radhu Karmakar;1
R. Kannan;1
R.J. Daniel Hanna;1
Raaghav Dar;1
Raam Reddy;1
Rachel Bell;1
Raj Kaushal;1
Raj Khosla;1
QLF;1
Quek Shio-chuan;1
Raj Mehta;1
Raj N. Sippy;1
Raj Nidimoru;1
Raj R;1
Raja Chanda;1
Raja Menon;1
Raja Sen;1
Rajan Madhav;1
Puri Jagannadh;1
Prakash Kunte;1
Quinn Kanaly;1
Quinn Lasher;1
Quoc Bao Tran;1
R. Balki;1
Pulkit;1
Puneet Khanna;1
Puneet Sira;1
Pramod Pawar;1
Pranav Singh;1
Prasanth Varma;1
Prashant Nair;1
Prasobh Vijayan;1
Prateek Vats;1
Praveen Kandregula;1
Praveen Nischol;1
Prawal Raman;1
Prem Soni;1
Prentice Penny;1
Preston A. Whitmore II;1
Prime Cruz;1
Pooja Bhatt;1
Prabhakaran;1
Prabhu Deva;1
Prabhuraj;1
Pradeep Verma;1
Pradip Kurbah;1
Prakash Balwant Saini;1
Philippa Lowthorpe;1
Philippe Falardeau;1
Phillip Youmans;1
Phuwanit Pholdee;1
Phyllida Lloyd;1
Pia Sukanya;1
Picky Talarico;1
Pieter Kuijpers;1
Pieter-Jan De Pue;1
Pietro Scappini;1
Pippa Ehrlich;1
Piti Jaturaphat;1
Pierfrancesco Diliberto;1
Pierre Coré;1
Pierre Deschamps;1
Pierre Greco;1
Philip Barantini;1
Philip Einstein Lipski;1
Philip G. Atwell;1
Philip Marlatt;1
Philip Yung;1
Philipp Eichholtz;1
Peter Sollett;1
Peter Spierig;1
Phanindra Narsetti;1
Phil Alden Robinson;1
Phil Burgers;1
Phil Joanou;1
Phil Johnston;1
Phil Lord;1
Phil Morrison;1
Phil Nibbelink;1
Phil Roman;1
Phil Sgriccia;1
Peter Pardini;1
Peter Ramsey;1
Peter Sattler;1
Peter Fison;1
Peter Foott;1
Peter Galison;1
Peter Hewitt;1
Peter Ho;1
Peter Howitt;1
Peter Svatek;1
Peter Thorwarth;1
Peter Tsi;1
Peter Webber;1
Peter Winther;1
Peter Yost;1
Peter DeLuise;1
Peter Facinelli;1
Peter Billingsley;1
Paul Feig;1
Paul G. Volk;1
Paul Urkijo Alijo;1
Peter Lord;1
Peter McDonnell;1
Peter Middleton;1
Peter Mimi;1
Peter Mortimer;1
Peter Nicks;1
Nicolás Silbert;1
Nicolas Winding Refn;1
Nicole Conn;1
Nicole Holofcener;1
Nidhi Sharma;1
Niels Arden Oplev;1
Nik Amir Mustapha;1
Nick Davis;1
Nick Gomez;1
Nick Mead;1
Nick Moore;1
Nick Rowland;1
Nick Simon;1
Nicky Slimting Walker;1
Nicol Paone;1
Nicolas Brossette;1
Nicolas Cotto;1
Nicolas Lopez;1
Nikhil Nagesh Bhat;1
Nikhil Pherwani;1
Niki Caro;1
Nikkhil Advani;1
Nishil Sheth;1
Nils Tavernier;1
Nima Nourizadeh;1
Nimród Antal;1
Nina Paley;1
Nina Wels;1
Nirpal Bhogal;1
Nishanth Ravindaran;1
Nisheeta Keni;1
Nobuyuki Takeuchi;1
Noé González;1
Noel Dockstader;1
Noël Wells;1
Nonzee Nimibutr;1
Noor Imran Mithu;1
Nopparoj Chotmunkongsit;1
Nora Ephron;1
Nora Fingscheidt;1
Nora Twomey;1
Norberto López Amado;1
Norihisa Hiranuma;1
Norton Virgien;1
Norm Hiscock;1
Nizar Shafi;1
Noah Moskin;1
Oded Raz;1
Odunlade Adekola;1
Ofir Raul Graizer;1
Okey Oku;1
Ola Flyum;1
Olaf de Fleur;1
Olav Njaastad;1
Ole Bornedal;1
Oleg Trofim;1
Oliver Blackburn;1
Oliver Bokelberg;1
Oliver Daly;1
Oliver Frampton;1
Oliver Kienle;1
Oliver Schmitz;1
Nadine Ibrahim;1
Nag Ashwin;1
N. Chandra;1
N.D. Wilson;1
Na Hyeon;1
Nabil Ayouch;1
Nacho G. Velilla;1
Nakul Singh Sawhney;1
Nalan Kumarasamy;1
Nam Ron;1
Naman Nitin Mukesh;1
Namcito;1
Nana Ekvtimishvili;1
Nancy Florence Savard;1
Nancy Meyers;1
Nancy Schwartzman;1
Nandita Das;1
Nanette Burstein;1
Nanfu Wang;1
Naoto Amazutsumi;1
Narendra Nath;1
Naresh Saigal;1
Naseef Yusuf Izuddin;1
Natalia Garagiola;1
Natalia Valdebenito;1
Natalie Portman;1
Natasha Lyonne;1
Nathan Greno;1
Nathan Ives;1
Nathan Landeg;1
Nathan Morlando;1
Nathan Wiley;1
Nathanael Wiseman;1
Nathaniel Warsh;1
Nattawut Poonpiriya;1
Nick Cassavetes;1
Nekfeu;1
Nicholas McCarthy;1
Nicholas Ray;1
Nicholas Stoller;1
Nicholas Winter;1
Nicholas Zeig-Owens;1
Nicholaus Goossen;1
Niall Johnson;1
Nibal Arakji;1
Nic Mathieu;1
Nicanor Loreti;1
Nicholas de Pencier;1
Nicholas Hytner;1
Neri Parenti;1
Neslihan Yesilyurt;1
Néstor Sánchez Sotelo;1
Neville Shah;1
Ng Ka-Leung;1
Nguyen Thanh Tung;1
Navdeep Singh;1
Navinder Pal Singh;1
Navjot Gulati;1
Navneet Behal;1
Navot Papushado;1
Naya Anindita;1
Neeraj Ghaywan;1
Neil LaBute;1
Neil Rawles;1
Neil Triffett;1
Neeraj Udhwani;1
Neeraj Vora;1
Neil Armfield;1
Olivier Jean-Marie;1
Olivier Loustau;1
Olivia Milch;1
Olivia Newman;1
Olivier Abbou;1
Olivier Afonso;1
Nottapon Boonprakob;1
Noushad;1
Noviandra Santosa;1
Nuel Naval;1
Nuhash Humayun;1
Numa Perrier;1
Nzingha Stewart;1
Obaid Alhmoudi;1
Oskar Santos;1
Óskar Thór Axelsson;1
Osman Ali;1
Ossama Abu El Atta;1
Otilia Portillo Padua;1
Otoja Abit;1
Ousmane Ly;1
Owen Egerton;1
Owen Trevor;1
Owll Mina;1
Oyefunke Fayoyin;1
Olivier Nakache;1
Olivier Roland;1
Olly Reid;1
Omung Kumar;1
One9;1
Orson Welles;1
Oscar Micheaux;1
Onur Bilgetay;1
Onur Tukel;1
Onur Ünlü;1
Oren Peli;1
Oren Uziel;1
P.K. Baaburaaj;1
P.T. Kunju Muhammad;1
Pa. Ranjith;1
Paakhi Tyrewala;1
Pablo Agüero;1
Pablo Aulita;1
Pablo Azorín Williams;1
Pablo D'Alo Abba;1
Pablo Faro;1
Pablo Giorgelli;1
Padraic McKinley;1
Padraig Reynolds;1
Page Hurwitz;1
Pailin Wedel;1
Pali Yahya;1
Pamela Romanowsky;1
Pan Nalin;1
Pandu Adjisurya;1
Pablo Lejarreta;1
Pablo Martin Farina;1
Pablo Parés;1
Pablo Stoll;1
Paco Aguilar;1
Paco Arango;1
Paco Cabezas;1
Patrick Durham;1
Patrick Graham;1
Patrick Leung;1
Patrick Osborne;1
Patrick Tatopoulos;1
Patrik Forsberg;1
Patrik Syversen;1
Patricia Tourancheau;1
Paresh Mokashi;1
Paritosh Painter;1
Partha Chakraborty;1
Parthiban;1
Partho Ghosh;1
Partho Mitra;1
Partho Sen-Gupta;1
Parveen Kumar;1
Pascal Atuma;1
Pascal Blanchard;1
Pascale Lamche;1
Pass Patthanakumjon;1
Pat Healy;1
Patrice Laliberté;1
Patricia Ferreira;1
Park In-je;1
Park Joon-hwa;1
Parker Phillips;1
Pantham Thongsang;1
Paolo Strippoli;1
Param Gill;1
Paul Spurrier;1
Paul Tanter;1
Paul Taublieb;1
Paul Berczeller;1
Paul Brizzi;1
Paul Dano;1
Paul Demeyer;1
Paul Katis;1
Paul Krüger;1
Paul M. Green;1
Paul Miller;1
Paul Munger;1
Paul Raschid;1
Paul Reubens;1
Paul Schrader;1
Paul Serafini;1
Paul Shoulberg;1
Paula Apsell;1
Paulo Oriol;1
Pavel Kostomarov;1
Pavel Parkhomenko;1
Pavitra Chalam;1
Pawan K Shrivastava;1
Pawan Kripalani;1
Pawan Kumar;1
Paween Purijitpanya;1
Paween Purikitpanya;1
Pedring A. Lopez;1
Pedro Antonio;1
Pedro Coutinho;1
Pedro de Echave García;1
Pedro Flores Maldonado;1
Pedro Kos;1
Pedro Waddington;1
Peggy Holmes;1
Pepe Bojórquez;1
Pepe Mora;1
Perci Intalan;1
Perry Lang;1
Pete Jacobs;1
Laura Fairrie;1
Laura Mañá;1
Laura Mulleavy;1
Laura Terruso;1
Laura VanZee Taylor;1
Lauren Hoekstra;1
Lauren MacMullan;1
Lauren Miller Rogen;1
Laurent Bouzereau;1
Laurent Cantet;1
Law Wing-cheong;1
Lawrence Cheng;1
Lawrence Kasdan;1
Lars Büchel;1
Lars Kaalund;1
Lars Klevberg;1
Lance Daly;1
Lance Hool;1
Lance Young;1
Lara Saba;1
Larry Elikann;1
Le Van Kiet;1
Lea Glob;1
Leandro Mark;1
Leandro Neri;1
Leanne Gater;1
Lee Chang-dong;1
Lee Chung-hyun;1
Lee Daniels;1
Lee Eung-bok;1
Lee Fulkerson;1
Lee Jeong-beom;1
Lee Kae-byeok;1
Lee Kirk;1
Lee Kyoungmi;1
Lee Seung-won;1
Lasja Fauzia Susatyo;1
Lana Wilson;1
Liao Shih-han;1
Lijo Jose Pellissery;1
Lilibet Foster;1
Li Jun;1
Li Pei-Chuan;1
Li Weiran;1
Leslye Davis;1
Leslye Headland;1
Lester Hsi;1
Leticia Jorge Romero;1
Letizia Lamartire;1
Leung Lok Man;1
Lev L. Spiro;1
Levan Gabriadze;1
Levan Tsikurishvili;1
Leopoldo Aguilar;1
Lesli Linka Glatter;1
Leli Maki;1
Len Wiseman;1
Lena Khan;1
Lenin Bharathi;1
Lennart Ruff;1
Lenny Abrahamson;1
Leïla Sy;1
Leif Tilden;1
Laura Alvea;1
Lee Toland Krieger;1
Lee Yoon-jung;1
Lucy Cohen;1
Lucy van Beek;1
Ludovic Bernard;1
Ludovico Di Martino;1
Luis A. Scalella;1
Luis Alberto Restrepo;1
Luis Alejandro Pérez;1
Luca Vullo;1
Lucas Figueroa;1
Leslie Knott;1
Limbert Fabian;1
Lin Guan-fu;1
Lin Oeding;1
Lina Al Abed;1
Linas Phillips;1
Linda Korsten;1
Luk Kim-ching;1
Lukas Dhont;1
Lukasz Kosmicki;1
Luke Holland;1
Luke Jurevicius;1
Luke Kenny;1
Luke Radford;1
Luke Snellin;1
Luke Sparke;1
Luis Javier Henaine;1
Luis Javier M. Henaine;1
Lucas Santa Ana;1
Luciano Vidigal;1
Lucien Bourjeily;1
Lucien Jean-Baptiste;1
Liz Plonka;1
Llewellyn M. Smith;1
Lluís Quílez;1
Lô Politi;1
Logan Kibens;1
Lone Scherfig;1
Lonny Price;1
Lonzo Nzekwe;1
Lorena Munoz;1
Lorene Machado;1
Lorene Scafaria;1
Lori Kaye;1
Lotje Sodderland;1
Louie Gibson;1
Louie Psihoyos;1
Louie Schwartzberg;1
Louis J. Horvitz;1
Louis Leterrier;1
Louis Pepe;1
Louise Alston;1
Louise Wardle;1
LP;1
Lu Yang;1
Luc Dardenne;1
Linda Otto;1
Linda Saffire;1
Lindsey Cordero;1
Lionel C. Martin;1
Lisa Arnold;1
Lisa Cortés;1
Liu Bang-yao;1
Liu Jiang;1
Liu Jie;1
Liu Kuang-hui;1
Liu Yi;1
Liv Ullmann;1
Lydia Dean Pilcher;1
Lydia Tenaglia;1
Lygia Barbosa da Silva;1
Luis Mandoki;1
Luis Prieto;1
M.J. Bassett;1
M.J. Isakson;1
M.S. Prem Nath;1
Maciej Dejczer;1
Macon Blair;1
Madeleine Gavin;1
Lyric R. Cabral;1
Magdy Al-Hawwary;1
Magnus Martens;1
Maha Venkatesh;1
Madonna;1
Madonne Ashwin;1
Mads Matthiesen;1
Madeleine Sami;1
Madhumita;1
Mahin Ibrahim;1
Mahmood Ali-Balogun;1
Mahmood Farooqui;1
Mahmoud al Massad;1
Malik Vitthal;1
Mamat Khalid;1
Mamoru Hosoda;1
Mamoru Oshii;1
Malik Bendjelloul;1
Manika Sharma;1
Manish Gupta;1
Manish Saini;1
Manish Tiwary;1
Manjari Makijany;1
Manjeet Maan;1
Manjeet Singh;1
Manmohan Desai;1
Manop Janjarasskul;1
Måns Herngren;1
Manoj Beedha;1
Manatsanun Phanlerdwongsakul;1
Manav Shah;1
Manbhavan Singh;1
Mandeep Kumar;1
Mandie Fletcher;1
Mandla Dube;1
Mangesh Hadawale;1
Mangesh Kanthale;1
Maïa Sandoz;1
Maïmouna Doucouré;1
Maite Ruiz De Austri;1
Maïwenn;1
Majid Al Ansari;1
Majid Majidi;1
Makoto Hanafusa;1
Makoto Shinkai;1
Mahmoud Sabbagh;1
Mahmudul Islam;1
Mansore;1
Manu Ashokan;1
Manuel Alcalá;1
Manuel Martín Cuenca;1
Manussa Vorasingha;1
Marcos Carnevale;1
Marcus Clarke;1
Marcus Nispel;1
Marek Kanievska;1
Marek Losey;1
Marek Piwowski;1
Maria Burton;1
Maria Demeshkina Peek;1
María Jose Cuevas;1
Maria Pulera;1
Marcelo González;1
Marcelo Piñeyro;1
Marco Bonfanti;1
Marco Deufemia;1
Marco Dutra;1
Marco Petry;1
Marco Pontecorvo;1
Marco Risi;1
Marco Schnabel;1
Marc Fouchard;1
Marc Francis;1
Marc Levin;1
Marc Meyers;1
Marc Pons;1
Marc Vigil;1
Marc-Antoine Hélard;1
Marcel Barrena;1
Marcelo Altmark;1
Mariano Mucci;1
Maribel Sánchez-Maroto;1
Marie Clements;1
Marie Madinier;1
Marina Seresesky;1
Marina Willer;1
Marina Zenovich;1
Mario Briongos;1
Mario Cambi;1
Mario Mattei;1
Mario Miscione;1
Mario Rouleau;1
Mario Van Peebles;1
Maris Curran;1
Marita Grabiak;1
Marius Arnesen;1
Marja Lewis Ryan;1
Mark Columbus;1
Mark Craig;1
Mark Dennis;1
Mark Dindal;1
Mark Franchetti;1
Mark Harris;1
Mark Helenowski;1
Mark Helfrich;1
Mark Henn;1
Mark Herman;1
Mark Landre Gould;1
Mark Lewis;1
Mark Lo;1
Mark McQueen;1
Mark Murphy;1
Mark Neveldine;1
Mark O'Connor;1
Munish Bhardwaj;1
Mukesh Vohra;1
Mohsin Ali;1
Moinak Biswas;1
Morgan Pehme;1
Murat Kepez;1
Musing Derrick;1
Musthafa;1
Muzi Mthembu;1
Myles Kane;1
Myriam Aziza;1
Myriam Fares;1
Mona Achache;1
Monica Floyd;1
Monière;1
Monika Mitchell;1
Monique Gardenberg;1
Monty Tiwa;1
Morgan Ingari;1
Morgan Matthews;1
Mostafa Abu Seif;1
Mostofa Sarwar Farooki;1
Moto Sakakibara;1
Motonori Sakakibara;1
Moyoung Jin;1
Mozez Singh;1
Mrighdeep Singh Lamba;1
Mu Chu;1
Müfit Can Saçinti;1
Muh Chen;1
Muhammad Ali;1
Muhammad Fadl;1
MIKIKO;1
Mike Wiluan;1
Mike Nicoll;1
Mike Rianda;1
Mike Rohl;1
Mike Rossiter;1
Milind Dhaimade;1
Milind Rau;1
Milla Harrison-Hansley;1
Milton Horowitz;1
Milton Kremer;1
Mimi Leder;1
Mina Shum;1
Mir Mukarram Hossain;1
Miranda de Pencier;1
Miriam Chandy Menacherry;1
Mir-Jean Bou Chaaya;1
Mitch Dickman;1
Mitch Gould;1
Mitzi Vanessa Arreola;1
Moataz El Tony;1
Mohamed al Salman;1
Mohamed Khan;1
Mohamed Mostafa;1
Mohamed Yassin;1
Mohammad Adel;1
Mohammad Irfan Ramly;1
Mohammed Alhmly;1
Mohammed El-Tahawy;1
Mohammed Hussain;1
Mohammed Saeed Harib;1
Mohd Khairul Azri Bin Md Noor;1
Michael Jai White;1
Michael James Regan;1
Michael John Warren;1
Michael Jones;1
Michael Kampa;1
Michael Kennedy;1
Michael Larnell;1
Michael Lennox;1
Michael Lockshin;1
Michael M. Scott;1
Michael Margolis;1
Michael Martin;1
Michael Mason;1
Michael Mayer;1
Michael Mazzola;1
Michael Paul Stephenson;1
Michael Petroni;1
Michael Pitiot;1
Michael Polish;1
Michael Pressman;1
Michael Radford;1
Michael Ritchie;1
Michael Roberts;1
Michael Rymer;1
Michael Samuels;1
Michael Schmitt;1
Michael Seater;1
Michael Govier;1
Michael Harte;1
Michael McNamara;1
Michael Socha;1
Michael Spierig;1
Michael Steed;1
Michael Steiner;1
Michael Thelin;1
Miguel Conde;1
Mijke de Jong;1
Mika Kaurismäki;1
Mikael Håfström;1
Mike Disa;1
Mike Diva;1
Mike Doyle;1
Mike Elliott;1
Mike Ezuruonye;1
Mike Fetterly;1
Mike Fleiss;1
Mike Gabriel;1
Mike Hodges;1
Mike Judge;1
Mike McCoy;1
Mike Mills;1
Mike Myhre;1
Michal Tylka;1
Michel Gondry;1
Michel Hazanavicius;1
Michel Tikhomiroff;1
Michael Tolajian;1
Michael Ware;1
Michael Wech;1
Michael Whitton;1
Michael Winnick;1
Michelle Bello;1
Michelle Caputo;1
Michelle Esrick;1
Michelle Johnston;1
Michelle MacLaren;1
Michihito Fujii;1
Mick Grogan;1
Mickey Fonseca;1
Mickey Liddell;1
Midhun Manuel Thomas;1
Miguel Alexandre;1
Miguel Ángel Lamata;1
Miguel Ángel Vivas;1
Matt Ogens;1
Matt Palmer;1
Matt Piedmont;1
Matt Reeves;1
Matt Ross;1
Matt Shakman;1
Matt Thompson;1
Matt Toronto;1
Matt Tyrnauer;1
Matt Wechsler;1
Matt Whitlock;1
Matthew Atkinson;1
Matthew Cooke;1
Matthew Heineman;1
Matthew Hope;1
Matthew McManus;1
Matthew McNeil;1
Matthew Michael Carnahan;1
Matthew Miele;1
Matthew O'Callaghan;1
Matthew Robinson;1
Matthew Ross;1
Matthew Salleh;1
Matthew Shoychet;1
Matheus Souza;1
Mathew Orzel;1
Mathias Malzieu;1
Mathieu Auvray;1
Mathieu Kassovitz;1
Mati Diop;1
Matías Bize;1
Mary Lambert;1
Mary Mazzio;1
Massimiliano Camaiti;1
Massy Tadjedin;1
Martin Hodara;1
Martin Lawrence;1
Martin Prakkat;1
Martin Rosete;1
Martín Sastre;1
Martin Wood;1
Martin Zandvliet;1
Marty Callner;1
Marty Stalker;1
Marwan Hamed;1
Marwan Nabil;1
Martin Desmond Roe;1
Marston Sawyers;1
Marta Jaenes;1
Martha Coolidge;1
Marti Noxon;1
Martin Brest;1
Mark Radice;1
Maradona Dias Dos Santos;1
Marc Abraham;1
Maria Sadowska;1
Mariah Moore;1
Mariana Tschudi;1
Marianna Palka;1
Mariano Baez;1
Mariano Barroso;1
Mark Williams;1
Mark Zwonitzer;1
Marla M. Ancheta;1
Marlene Melchior;1
Mark Risley;1
Mark Ritchie;1
Mark Rosman;1
Mark Sloper;1
Matthias Hoene;1
Mauricio Dias;1
Mauro Scandolari;1
Max Amini;1
Max Jabs;1
Max Joseph;1
Max Lang;1
Max Martini;1
Max McGill;1
Max Pugh;1
Maximilian Erlenwein;1
Maxwell McGuire;1
Maya Forbes;1
Maya Gallus;1
Maya Zinshtein;1
Mayye Zayed;1
Maz Jobrani;1
Matias Mariani;1
Matt Angel;1
Matt Aselton;1
Mat King;1
Mat Whitecross;1
Matei Dima;1
Meenu Gaur;1
Megan Siler;1
Megha Ramaswamy;1
Meghan O'Hara;1
Mehdi Idir;1
Mehmet Ada Öztekin;1
Meisa Felaroze;1
Mel Smith;1
Mel Stuart;1
Melanie Mayron;1
Melinda Janko;1
Mfanelo Ngoma;1
Mic Rodgers;1
Micah Bickham;1
Michael A. Nickles;1
Michael Anderson;1
Michael Apted;1
Michael Arias;1
Michael Barnett;1
Michael Barrett;1
Meng Hua Ho;1
Merawi Gerima;1
Mercedes Cordova;1
Meshal Aljaser;1
Matt Bell;1
Matt D'Avella;1
Matt D'Elia;1
Matt Eskandari;1
Matt Kay;1
Michael Del Monte;1
Michael Doneger;1
Michael Blieden;1
Michael Bonfiglio;1
Michael Buster;1
Michael Carney;1
Michael Civille;1
Michael Cristofer;1
Michael G. Kehoe;1
Michael Gallagher;1
Michael Cumming;1
Michael Curtiz;1
Michael Duggan;1
Michael Epstein;1
Michael Fahey;1
Michael Feifer;1
Shojiro Nishimi;1
Shonali Bose;1
Shoojit Sircar;1
Shravan Kumar;1
Shree Narayan Singh;1
Shreyas Talpade;1
Shrihari Sathe;1
Shubham Singh;1
Shuko Murase;1
Shunsuke Kariyama;1
Shweta Basu Prasad;1
Sigrid Andrea Bernardo;1
Simon Baker;1
Simon Curtis;1
Simon Frederick;1
Simon Gross;1
Sian Heder;1
Sibusiso Khuzwayo;1
Siddique;1
Sidharta Tata;1
Sidharth Malhotra;1
Shashilal K. Nair;1
Shaul Schwarz;1
Shaun Mir;1
Sherif Ismail;1
Sherif Mandour;1
Shawn Arranha;1
Shawn Crahan;1
Shinji Takagi;1
Shin-yeon Won;1
Shivendra Singh Dungarpur;1
Shammi Kapoor;1
Shamyl Othman;1
Shamzu Zayba;1
Shan Hua;1
Shanavas K. Bavakutty;1
Shanawaz Nellikunnil;1
Shane Acker;1
Shanjey Kumar Perumal;1
Shanker Raman;1
Shaad Ali;1
Shadab Khan;1
Shadae Lamar Smith;1
Shadi Ali;1
Shady Ali;1
Shady Hanna;1
Shagufta Rafique;1
Shaina Allen;1
Shawn Rech;1
Shaz Bennett;1
Shazia Ali Khan;1
Shazia Javed;1
Sheena M. Joyce;1
Shekhar Kapur;1
Shelly Chopra Dhar;1
Shen Chi;1
Shen Leping;1
Shantrelle P. Lewis;1
Sharan Koppisetty;1
Sharan Sharma;1
Shari Springer Berman;1
Sharmeen Obaid-Chinoy;1
Sharon Grimberg;1
Sharon Shattuck;1
Stefan Aust;1
Stefan Brogren;1
Stefan Moore;1
Stefan Westerwelle;1
Stefano Lodovichi;1
Stefano Mordini;1
Stefano Sollima;1
Stefon Bristol;1
Stella Corradi;1
Stacy Title;1
Srivinay Salian;1
Stacia Crawford;1
Stanley Menino D'Costa;1
Srijit Mukherji;1
Sridhar Jetty;1
Soumitra Ranade;1
Spencer Williams;1
Soukarya Ghosal;1
Simon Napier-Bell;1
Simon Rumley;1
Simon Savelyev;1
Simon Verhoeven;1
Shikha Makan;1
Sirri Süreyya Önder;1
Sita Likitvanichkul;1
Sittisiri Mongkolsiri;1
Siu-hung Chung;1
Sivaroj Kongsakul;1
Skye Borgman;1
Simranjit Singh Hundal;1
Sinan Akkus;1
Smriti Keshari;1
Sneha Taurani;1
So Yong Kim;1
Sophia Nahli Allison;1
Sophie Robinson;1
Sophie Sartain;1
Sopon Sukdapisit;1
Sorin Dan Mihalcescu;1
Sofie Šustková;1
Sohail Khan;1
Sohail Tatari;1
Soham Shah;1
Songyos Sugmakanan;1
Sonia Dauger;1
Sonia Kennebeck;1
Sonia Lowman;1
Sonny Mallhi;1
Sonny Marler;1
Sooni Taraporevala;1
Sara Dosa;1
Santram Varma;1
Santwana Bardoloi;1
Sanjay Dayma;1
Sanjay Gupta;1
Sanjay Leela Bhansali;1
Sanjay Patel;1
Sanjay Soorkar;1
Sanjeev Gupta;1
Sanjib Dey;1
Sanjiv Jaiswal;1
Sankalp Reddy;1
Santhosh Viswanath;1
Santiago Alvarado Ilarri;1
Santiago Diaz;1
Santosh Manjrekar;1
Samir Al Asfory;1
Samir Karnik;1
Samir Soni;1
Samit Basu;1
Samit Kakkad;1
Sammaria Sari Simanjuntak;1
Samu Fuentes;1
Samuel D. Pollard;1
Samuel Jouy;1
Samuel Olatunji;1
Sandeep Chatterjee;1
Sandeep Mohan;1
Sandeep Reddy Vanga;1
Sandi Tan;1
Sandra Restrepo;1
Sandy Chronopoulos;1
Sam Irvin;1
Sam Levinson;1
Sam Fell;1
Salvador Espinosa;1
"Sam ""Blitz"" Bazawule";1
Sam Cullman;1
Sam de Jong;1
Sakon Tiacharoen;1
Salim Akil;1
Salima Koroma;1
Sally Potter;1
Salmeen AlMurry Amer;1
Sachin Kamlakar Khot;1
Sachin Kundalkar;1
S. Shankar;1
S.A. Zaidi;1
Sam Rega;1
Samar Khan;1
Samar Shaikh;1
Sameer Patil;1
Sameer Sharma;1
Sam Taylor-Johnson;1
Sam Upton;1
Sam Voutas;1
Sam O'Steen;1
Sam Patton;1
Sam Loh;1
Sam Macaroni;1
Serdar Akar;1
Seren Yüce;1
Serge Ou;1
Sergei Bodrov;1
Sergio Barrejón;1
Sergio Goyri Jr.;1
Selçuk Metin;1
Selima Taibi;1
Selvamani Selvaraj;1
Semi Chellas;1
Sergio Pablos;1
Sean Menard;1
Sean Olson;1
Seth Fuller;1
Seth Gordon;1
Seth Henrikson;1
Seth Rogen;1
Seung-uk Jo;1
Scott Hussion;1
Scott Walker;1
Scott Waugh;1
Sean Foley;1
Sean Hanish;1
Sean Anders;1
Sean Baker;1
Sebastian DiNatale;1
Sebastian Gutierrez;1
Sebastián Hofmann;1
Sebastian Jones;1
Sébastien Betbeder;1
Sedat Kirtan;1
Seema Pahwa;1
Seiji Mizushima;1
Scott Mosier;1
Scott Pleydell-Pearce;1
Scott Speer;1
Scott Spiegel;1
Scott Marshall Smith;1
Scott Martin;1
Scott McAboy;1
Scott Christian Sava;1
Scott Cooper;1
Satish Manwar;1
Saw Teong Hin;1
Scot Armstrong;1
Scot McFadyen;1
Saravana Rajan;1
Saravana Rajendran;1
Sarawut Wichiensarn;1
Sarik Andreasyan;1
Sarah Holt;1
Sarah Kruchowski;1
Sarah Moshman;1
Sarah Smith;1
Saron Sakina;1
Sartaj Singh Pannu;1
Sarthak Dasgupta;1
Sathyan Anthikad;1
Saul Dibb;1
Saurabh Kabra;1
Saurabh Sinha;1
Saurav Palodhi;1
Roel Reiné;1
Robert Kouba;1
Robert Krantz;1
Robiul Alam Robi;1
Robyn Butler;1
Rocco Ricciardulli;1
Roger Graef;1
Roger Gual;1
Roger Christian;1
Roger Russell;1
Roger Spottiswoode;1
Roger Young;1
Rohan Sippy;1
Rohena Gera;1
Rod Cabatana Marmol;1
Rod Daniel;1
Rod Lurie;1
Rodney Rothman;1
Rodolphe Guenoden;1
Rodrigo Eba;1
Rodrigo Guardiola;1
Rodrigo Reyes;1
Rodrigo Salomón;1
Rodrigo Toro;1
Rodrigo Triana;1
Roberta Grossman;1
Roberto De Feo;1
Roberto Girault Facha;1
Roberto Santucci;1
Robi Michael;1
Robin Aubert;1
Robin Bissell;1
Robert Bahar;1
Robert Berlinger;1
Robert C. Ramirez;1
Robert Cannan;1
Robert Clouse;1
Robert Cullen;1
Robert Eagar;1
Robert Eggers;1
Rob Silvestri;1
Rob Smat;1
Rob W. King;1
Rob Zombie;1
Robb Dipple;1
Robert Osman;1
Robert Peters;1
Robert Pulcini;1
Robert Radler;1
Robert Schwentke;1
Robert Smigel;1
Robert Tate;1
Robert Townsend;1
Robbie Countryman;1
Robbie Grewal;1
Robert Adetuyi;1
Robert Aldrich;1
Robert Markowitz;1
Robert McCallum;1
Robert McCullough Jr.;1
Robert Moresco;1
Robert Nixon;1
Ron Krauss;1
Roman White;1
Ron Clements;1
Rohit Mittal;1
Rolfe Kanefsky;1
Roly Santos;1
Romain Gavras;1
Roman Atwood;1
Roman Coppola;1
Roman Gackowski;1
Ross R. Shuman;1
Ross Venokur;1
Rowan Athale;1
Roxanne Benjamin;1
Roy Allen Smith;1
Roy Boulting;1
Roy Burdine;1
Roy Campanella II;1
Roy Poortmans;1
Royale Watkins;1
Rucha Humnabadkar;1
Ruchi Narain;1
Rudge Campos;1
Rudradeep Bhattacharjee;1
Rosa Márquez;1
Ross Adam;1
Ron Underwood;1
Rusty Nixon;1
Ry Russo-Young;1
Ross Hockrow;1
Rupert Jones;1
Rush Sturges;1
Rushmore DeNooyer;1
Russell Crowe;1
Ryan Crego;1
Ryan Fleck;1
Ryan Koo;1
Ryan Moody;1
Ryu Jung-woo;1
Ryuichi Hiroki;1
Ryuichi Yagi;1
Saandeep Patel;1
Saara Cantell;1
Sabaah Folayan;1
Sabal Singh Shekawat;1
Sabina Fedeli;1
Sabir Khan;1
Sabrina Rochelle Kalangie;1
Sabu Varghese;1
Sacha Gervasi;1
Sacha Wolff;1
Sadeq Behbehani;1
Saeed Hamed;1
Safdar Rahman;1
Sagar Sarhadi;1
Saheed Arafath;1
Sai Paranjape;1
Saji Surendran;1
Sajid Khan;1
Saket Behl;1
Stephen Hopkins;1
Stephen Kijak;1
Stephen Murray;1
Stephen S. Campanelli;1
Steve Antin;1
Stephen Donnelly;1
Stephen Cone;1
Stephan Rick;1
Stéphane Berla;1
Stéphane de Freitas;1
Stephanie Laing;1
Stephanie Soechtig;1
Stephanie Turner;1
Stephanie Zwane;1
Stephen Amezdroz;1
Stephen Chbosky;1
Steve Pink;1
Steve Race;1
Steve Rash;1
Steve Rolston;1
Steve Hickner;1
Steve Loter;1
Steve McLean;1
Steve Cheng;1
Steve Greenwood;1
Steve Barker;1
Steve Barron;1
Steve Bencich;1
Steve Boettcher;1
Subhash Kapoor;1
Sudabeh Mortezai;1
Sudhish Kamath;1
Sudip Bandyopadhyay;1
Sudipto Roy;1
Sue Ding;1
Sue Kim;1
Stephen Gyllenhaal;1
Steve Saint Leger;1
Steven Fine;1
Steven Gomez;1
Steven Knight;1
Steven R. Monroe;1
Steven Rinella;1
Steven Tsuchida;1
Steven Yamamoto;1
Steven Zaillian;1
Stevie Wermers;1
Stig Bergqvist;1
Stijn Verlinde;1
Stinus Morell Vithner;1
Storm Saulter;1
Storm Theunissen;1
Stu Livingston;1
Stuart Baird;1
Stuart Heisler;1
Stuart Orme;1
Stuart Rosenberg;1
Stuart Sender;1
Stuart Stone;1
Su I-Hsuan;1
Sung Do-jun;1
Sung-soo Kim;1
Sunil Kumar Agrawal;1
Sunil Soraya;1
Sunao Katabuchi;1
Sudha Kongara;1
Sudhanshu Saria;1
Sujeeth;1
Sukhbir Singh;1
Sukum Maetawanitch;1
Suman Ghosh;1
Suman Mukhopadhyay;1
Susanne Bier;1
Suseenthiran;1
Sushil Majumdar;1
Sushrut Jain;1
Suzanne Coote;1
Svati Chakravarty Bhatkal;1
Svetlana Cvetko;1
Swapna Waghmare Joshi;1
Supavitra Babul;1
Suresh Pillai;1
Surya S.J.;1
Susan Glatzer;1
Sunil Thakur;1
Sunkanmi Adebayo;1
Sunny Lau;1
Takanobu Mizuno;1
Takashi Doscher;1
Takashi Shimizu;1
Takashi Yamazaki;1
Takeru Nakajima;1
Takeshi Fukunaga;1
Takeshi Nozue;1
Taketoshi Sado;1
Taki Oldham;1
Takuma Sato;1
Takuya Igarashi;1
Takuya Inaba;1
Tamara Jenkins;1
Tamas Yvan Topolanszky;1
Tamer Bassiouni;1
Tamta Gabrichidze;1
Tan Bing;1
Tanawat Aiemjinda;1
Tània Balló;1
Tanit Jitnukul;1
Tanuj Bhramar;1
Tanuj Chopra;1
Syamsul Yusof;1
Sydney Freeland;1
Sydney Pollack;1
Sydney Sibilia;1
Syed Ahmad Afzal;1
Syed Ahmed Shawki;1
Syed Atif Ali;1
Syed Saleh Ahmed Sobhan;1
Sylvain Blais;1
Sylvain White;1
Susan Lacy;1
Susan Lambert;1
Susan Walter;1
Susannah Heath-Eves;1
Tade Ogidan;1
Ted Geoghegan;1
Teddy Chan;1
Teddy Lussi-Modeste;1
Tejas Prabha Vijay Deoskar;1
Tekin Girgin;1
Teng Huatao;1
Tenzing Sonam;1
Teo Konuralp;1
Terri Randall;1
Terrie Samundra;1
Terry Hughes;1
Tariq Alkazim;1
Tariq Khan;1
Taron Lexton;1
Tanveer Khan;1
Tanvir Ahsan;1
Tanwarin Sukkhapisit;1
Taranveer Singh;1
Tarek Abdel Moaty;1
Tathagata Banerjee;1
Tatiana Villela;1
Tatsushi Omori;1
Taylor Hackford;1
Taylor Morden;1
Taylor Sheridan;1
Ted Braun;1
Terry Loane;1
Tetsuo Yajima;1
Thanabodee Uawithya;1
Tharun Bhascker;1
Tharun Bhascker Dhaassyam;1
Theo Davies;1
Theo Love;1
Thom Fitzgerald;1
Thom Zimny;1
Theodore Melfi;1
Theodore Witcher;1
Thiagarajan Kumararaja;1
Thomas Sorriaux;1
Thomas Stuber;1
Thomas Toby Parkinson;1
Thomas Vinterberg;1
Thor Freudenthal;1
Thurop Van Orman;1
Ti West;1
Tianyu Zhao;1
Ticoy Rodriguez;1
Tiffanie Hsu;1
Thomas Carter;1
Thomas Meadmore;1
Tim Bartley;1
Tim Blake Nelson;1
Tim Neeves;1
Tim Rouhana;1
Tim Skousen;1
Tim Van Someren;1
Tim Hill;1
Tinge Krishnan;1
Tinnu Anand;1
Tinu Pappachan;1
Tirumala Kishore;1
Timo Vuorensola;1
Timothy Reckart;1
Timothy Ware-Hill;1
Tobe Hooper;1
Toby Haynes;1
Toby Trackman;1
Todd Biermann;1
Todd Haynes;1
Todd S. Yellin;1
Todd Standing;1
Todd Wider;1
Todd Wilderman;1
Todor Chapkanov;1
To-hoi Kong;1
Tom Edmunds;1
Tom Elkins;1
Tom Fassaert;1
Tolga Karaçelik;1
Tolga Örnek;1
Tolu Awobiyi;1
Tolulope Itegboje;1
Tom Barton-Humphreys;1
Tom Stern;1
Tom Stubberfield;1
Tom Tykwer;1
Tom Whitter;1
Tom Whitworth;1
Tomas Brickhill;1
Tomas Portella;1
Tomasz Mandes;1
Tomer Eshed;1
Tomer Heymann;1
Tomm Moore;1
Tommy Avallone;1
Tommy Chong;1
Tommy O'Haver;1
Tommy Wirkola;1
Tomoki Kyoda;1
Tomotaka Shibayama;1
Tony Abulu;1
Tony Bancroft;1
Tony Collingwood;1
Tony Datis;1
Tony Elliott;1
Tony Stone;1
Tony Zierra;1
Tope Alake;1
Tony Kaye;1
Tony Leondis;1
Tom O'Brien;1
Tom O'Dell;1
Tom Forrest;1
Tom Gianas;1
Tom Green;1
Tom Holland;1
Tom McCarthy;1
Zoe Lister-Jones;1
Zakariya;1
Zara Hayes;1
Zatella Beatty;1
Zeek Earl;1
Zeke Norton;1
Zhang Chong;1
Zhang Yimou;1
Zhao Ji;1
Ziga Virc;1
Ziggy Hofmeyr;1
Zack Whedon;1
Zackary Canepari;1
Zsolt Pálfi;1
Zuko Nodada;1
Zune Kwok;1
William Eubank;1
William Friedkin;1
William H. Macy;1
William Kaufman;1
William Bindley;1
Wendy Jo Carlton;1
Wilson Coneybeare;1
William Monahan;1
Wim Bonte;1
Wim Wenders;1
Wojciech Marczewski;1
Wong Kar Wai;1
Woo Ming Jin;1
Woo Min-ho;1
Woody Allen;1
Wouter Bouvijn;1
Wyatt Cenac;1
Wynn Padula;1
Xavier Durringer;1
Xavier Gens;1
Xavier Maingon;1
Xavier Manrique;1
Xiao Feng;1
Xiaoxing Yi;1
Xu Zhang;1
Y. Joon Chung;1
Yacine Belhousse;1
Yance Ford;1
Yandy Laurens;1
Yang Lei;1
Yang Woo-seok;1
Yann Arthus-Bertrand;1
Yann Gozlan;1
Yanyong Kuruaungkoul;1
Yarrow Cheney;1
Yasir Al Yasiri;1
Yasir Nawaz;1
Yoshiyuki Okada;1
Yoshitaka Takeuchi;1
You-Jeong Chang;1
Young Jun Lee;1
Younuts!;1
Yu Yang;1
Yudai Yamaguchi;1
Yuen Woo-ping;1
Yuen Wo-Ping;1
Yuki Tanada;1
Yuki Yamato;1
Yulene Olaizola;1
Yusuf Pirhasan;1
Yuval Adler;1
Yvan Attal;1
Zach Braff;1
Zach Clark;1
Zach Lipovsky;1
Zachary Heinzerling;1
Wong Fei-Pang;1
Yim Pilsung;1
Yin Chen-hao;1
Yoav Paz;1
Yoo Byung-jae;1
Yoon Sung-hyun;1
Yasuhiro Irie;1
Yasushi Kawamura;1
Yasushi Muraki;1
Yayo Herrero;1
YC Tom Lee;1
Yee Tung-Shing;1
Yemi Amodu;1
Yen Cheng-kuo;1
Yeo Siew Hua;1
Yesim Ustaoglu;1
Yeung Yat-Tak;1
Yibrán Asuad;1
Will Graham;1
Will Lockhart;1
Will Lovelace;1
Will Lowell;1
Will McCormack;1
Wayne Orr;1
Viridiana Lieberman;1
White Trash Tyler;1
Wi Ding Ho;1
Will Allen;1
Will Becher;1
Will Canon;1
Will Eisenberg;1
Will Eubank;1
Will Forbes;1
Vinod Kapri;1
Vipin Parashar;1
Troy Nixey;1
Trudie Styler;1
Volker Arzt;1
Volker Weicker;1
Vonda Harrell;1
Vondie Curtis-Hall;1
Vrinda Samartha;1
Wade Allain-Marcus;1
Wash Westmoreland;1
Waymon Boone;1
Wagner de Assis;1
Walerian Borowczyk;1
Wally Pfister;1
Vasanth Sai;1
Venkatesh Maha;1
Venky Kudumula;1
Venugopan;1
Veronica Velasco;1
Vetri Maaran;1
Vetrimaaran;1
Vibeke Idsøe;1
Vibhu Virender Puri;1
Vic Armstrong;1
Vicente Villanueva;1
Uraaz Bahl;1
Uriel Sinai;1
Uttung Shelar;1
Uwe Boll;1
Uzodinma Okpechi;1
V C Abhilash;1
Vikram Gandhi;1
Vikram Pradhan;1
Vikram Tanajirao Patil;1
Vinay Bharadwaj;1
Vinay Sapru;1
Vince Gilligan;1
Vincent Kok;1
Vincent Perez;1
Vincent Ward;1
Vincente Minnelli;1
Vincenzo Natali;1
Vineeth Anil;1
Vishal Mahadkar;1
Vishal Mishra;1
Vishnu Govindhan;1
Vishwesh Krishnamoorthy;1
Visute Poolvoralaks;1
Vitor Brandt;1
Vivek Agnihotri;1
Vivek Wagh;1
Toyin Abraham;1
Travis Stevens;1
Travis Zariwny;1
Travon Free;1
Trent Haaga;1
Trevor Nunn;1
Trevor Ryan;1
Trey Borzillieri;1
Trey Haley;1
Trey Nelson;1
Trey Parker;1
Trish Sie;1
Trisha Ziff;1
Tristan Ferland Milewski;1
Torquil Jones;1
Toshiyuki Kanno;1
TT The Artist;1
Tudor Giurgiu;1
Tugçe Soysop;1
Tunde Apalowo;1
Tyler Greco;1
Tyler Measom;1
Udai Singh Pawar;1
Udoka Oyeka;1
Uduak-Obong Patrick;1
Ui-seok Jo;1
Troy Byer;1
Toshiyuki Tsuru;1
V. K. Prakash;1
V. Scott Balcerek;1
Vadim Jean;1
Valeria Golino;1
Valeria Pivato;1
Valli Bindana;1
Van M. Pham;1
Vandana Kataria;1
Vanessa Nöcker;1
Vanessa Roth;1
Vanita Shastry;1
Varun Narvekar;1
Ulrike Kofler;1
Umer Adil;1
Umesh Bist;1
Umesh Ghadge;1
Umut Aral;1
Umut Kirca;1
Unjoo Moon;1
Vicky Wight;1
Victor Cook;1
Victor Dal Chele;1
Víctor García;1
Victor Gatonye;1
Victor Levin;1
Victor Vu;1
Victor Zarcoff;1
Victoria Bromley;1
Vidhu Vinod Chopra;1
Vignesh Shivan;1
Vijay;1
Vijay Jayapal;1
Vijay Kumar;1
Vijay Kumar Arora;1
Vijay Lalwani;1
Vijay Maurya;1
Vijay Milton;1
Vijay Roche;1
Vijay S. Bhanushali;1
Vijay Yelakanti;1
Viju Mane;1
